-- phpMyAdmin SQL Dump
-- version 5.1.1
-- https://www.phpmyadmin.net/
--
-- Host: 127.0.0.1
-- Generation Time: Sep 21, 2021 at 11:56 AM
-- Server version: 10.4.20-MariaDB
-- PHP Version: 7.3.29

SET SQL_MODE = "NO_AUTO_VALUE_ON_ZERO";
START TRANSACTION;
SET time_zone = "+00:00";


/*!40101 SET @OLD_CHARACTER_SET_CLIENT=@@CHARACTER_SET_CLIENT */;
/*!40101 SET @OLD_CHARACTER_SET_RESULTS=@@CHARACTER_SET_RESULTS */;
/*!40101 SET @OLD_COLLATION_CONNECTION=@@COLLATION_CONNECTION */;
/*!40101 SET NAMES utf8mb4 */;

--
-- Database: `pos`
--

-- --------------------------------------------------------

--
-- Table structure for table `barang`
--

CREATE TABLE `barang` (
  `kode_brg` varchar(20) NOT NULL,
  `id_ms_brg` int(10) NOT NULL,
  `kat_brg` int(11) NOT NULL,
  `gol_brg` int(11) NOT NULL,
  `nama_brg` varchar(100) NOT NULL,
  `ket_brg` varchar(500) NOT NULL,
  `jenis_brg` text NOT NULL,
  `satuan_brg` text NOT NULL,
  `spek_brg` varchar(100) NOT NULL,
  `qty_brg` int(10) NOT NULL,
  `harga_brg` int(20) NOT NULL
) ENGINE=InnoDB DEFAULT CHARSET=utf8mb4;

--
-- Dumping data for table `barang`
--

INSERT INTO `barang` (`kode_brg`, `id_ms_brg`, `kat_brg`, `gol_brg`, `nama_brg`, `ket_brg`, `jenis_brg`, `satuan_brg`, `spek_brg`, `qty_brg`, `harga_brg`) VALUES
('211001L001', 1, 1, 1, 'LORRY KAPASITAS 5,5 TON', '(KOBAR LAMA = 21101002)', 'N', 'UNIT', 'HYDROULIC FOR PINTU LOADING RAMP@18 PINTU', 3, 200000),
('211001L002', 2, 1, 1, 'LORRY KAPASITAS 7,5 TON', '(KOBAR LAMA = 21101001)', 'N', 'UNIT', 'HYDROULIC FOR PINTU LOADING RAMP@18 PINTU', 4, 200000),
('211001L003', 26318, 1, 1, 'LORRY KAPASITAS 10 TON', '(KOBAR LAMA = 37519117)  TGL 14-12-2018 : REQUEST - PEMBUATAN SPP PT BJAP 02 (MALIQI)', 'N', 'UNIT', 'HYDROULIC FOR PINTU LOADING RAMP@18 PINTU', 4, 200000),
('211002A001', 28655, 1, 1, 'ACTUATOR DAPS 0240-090-R-F0710 5334222 E00005', '(KOBAR LAMA = 21102003)  TGL 18-05-2020 : REQUEST - PEMBUATAN SPP PT BJAP 02  (SULARTO)', 'N', 'PCS', 'PRESURE MAX 8.4 BAR TEMPERATUR MAX 80 DERAJAT CELCIUS', 4, 200000),
('211002A002', 28656, 1, 1, 'ACTUATOR DAPS 0240-090-RS4-F1012 533454 CD005', '(KOBAR LAMA = 21102004)  TGL 18-05-2020 : REQUEST - PEMBUATAN SPP PT BJAP 02  (SULARTO)', 'N', 'PCS', 'PRESURE MAX 8.4 BAR TEMPERATUR MAX 80 DERAJAT CELCIUS', 4, 200000),
('211002H001', 19755, 1, 1, 'HYDRAULIC CANTILEVER C/W ACCESSORIES', '(KOBAR LAMA = 32108028)  ', 'N', 'SET', 'HYDRAULIC WINCH 10 T C/W HYD MOTOR MCR16', 4, 200000),
('211002H002', 20967, 1, 1, 'HYDRAULIC MOTOR WINCH CAPSTAN', '(KOBAR LAMA = 21102001)  TGL 02-12-2014 : REQUEST - PEMBUATAN SPP HO (HARIADI)', 'N', 'UNIT', 'MODEL: G37001D47 ASSY Y1309M0117, MERK : EATON VICKERS', 5, 200000),
('211003B001', 3, 1, 1, 'BUNCH CRUSHER', '(KOBAR LAMA = 21103001)', 'N', 'UNIT', 'MODEL: G37001D47 ASSY Y1309M0117, MERK : EATON VICKERS', 4, 200000),
('211003D001', 26287, 1, 1, 'DOUBLE DECK EMPTY BUNCH CRUSHER', '(KOBAR LAMA = 21103004)  TGL 08-12-2018 : REQUEST - PEMBUATAN SPP PT HMBP 01 (SETIAWAN)', 'N', 'UNIT', 'MODEL 2 (DUA) TINGKAT DENGAN EMPAT BUAH DRUM ; PUTARAN DRUM DIBUAT BERLAWANAN DENGAN PUTARAN 41 RPM ', 2, 200000),
('211003H001', 28951, 1, 1, 'HYDRAULICS FOR TRANSFER CARRIAGE', '(KOBAR LAMA = 21103006)  TGL 20-07-2020 : REQUEST - PEMBUATAN SPP PT BJAP 02 (JOY)', 'N', 'UNIT', '5.5 KW, CAPASITAS : ANGKUT 10 TON', 4, 200000),
('211003M001', 4, 1, 1, 'MONO EFB PRESS KAPASITAS 6-7 TON/HOUR', '(KOBAR LAMA = 21103002)', 'N', 'UNIT', '5.5 KW, CAPASITAS : ANGKUT 10 TON', 4, 200000),
('211003T001', 22381, 1, 1, 'THRESHER DRUM C/W SHAFT', '(KOBAR LAMA = 21103003)  STASIUN BANTINGAN BUAHTGL 30-01-2016 : REQUEST - PEMBUATAN SPP PT TWSSL 01 (MULYANA)', 'N', 'UNIT', 'SHAFT ? 200 X P. 5765 (7225), - BOCH & LOCK NUT, - MS PLATE 25M/M X 5\' X 20\', - MS PLATE STRIP 19M/M', 4, 200000),
('211003T002', 27999, 1, 1, 'TRANSFER CARRIAGE', '(KOBAR LAMA = 21103005)  TGL 07-01-2020 : REQUEST - PEMBUATAN SPP PT WSSL 01 (JOY)', 'N', 'UNIT', 'SHAFT ? 200 X P. 5765 (7225), - BOCH & LOCK NUT, - MS PLATE 25M/M X 5\' X 20\', - MS PLATE STRIP 19M/M', 4, 200000),
('211004M001', 5, 1, 1, 'MESIN SCREW PRESS KAPASITAS 15 TON/HOUR', '(KOBAR LAMA = 21104001)', 'N', 'UNIT', 'TYPE: KWY P.15 ?; CAP. 15 - 17 TONFFB/HR ; SUPPLY C/W VICKERS EATON AFR ; GEARBOX SEW M3PSF50SPD ; 4', 4, 200000),
('211004M002', 6, 1, 1, 'MESIN DIGESTER KAPASITAS 3.500 LITER', '(KOBAR LAMA = 21104002)', 'N', 'UNIT', 'TYPE: KWY P.15 ?; CAP. 15 - 17 TONFFB/HR ; SUPPLY C/W VICKERS EATON AFR ; GEARBOX SEW M3PSF50SPD ; 4', 4, 200000),
('211004M003', 7, 1, 1, 'MESIN DIGESTER KAPASITAS 5.000 LITER', '(KOBAR LAMA = 21104003)', 'N', 'UNIT', 'SPESIFIKASI TYPE: KWY 5000L ; CAP. 5.000 LITERS ; SUPPLY C/W: SEW 3PC250POM HELIC ; GEARBOX 60 HP EL', 4, 200000),
('211004M004', 8, 1, 1, 'MESIN PALM KERNEL OIL EXPELLER', '(KOBAR LAMA = 21104004)', 'N', 'UNIT', 'MODEL : EK - 150', 4, 200000),
('211004M005', 23632, 1, 1, 'MESIN EFB SHREDDING PRESS', '(KOBAR LAMA = 21104005)  TGL 13-03-2017 : REQUEST - PEMBUATAN SPP PT WSSL 01 (JOY)', 'N', 'UNIT', 'SL - 7125S EFB SHREDDING PRESS WITH MOTOR & GEARBOX C/W PANEL CONTROL - SUNLEE', 4, 200000),
('211005A001', 9, 1, 1, 'ALFA LAVAL MODULAR SANDCYCLONE SSC 601-150', '(KOBAR LAMA = 21105001)', 'N', 'UNIT', 'DESANDER MODEL STV 601-150 CW ACCESORIES', 4, 200000),
('211005A002', 10, 1, 1, 'ALFA LAVAL MODULAR SANDCYCLONE STC 602-100', '(KOBAR LAMA = 21105002)', 'N', 'UNIT', 'SECOND STAGE DESANDER - MODEL : STC 602-100, - TWO CYCLONE OF 100 MM DIAMETER,  SUPPLY C/W ACCESSORI', 4, 200000),
('211005A003', 11, 1, 1, 'ALFA LAVAL 3 PHASE DECANTER PANX 600 ECB', '(KOBAR LAMA = 21105005)', 'N', 'UNIT', 'TYPE : PANX 600 CS - CAP.30 M3/HR,  SUPPLY C/W ACCESSORIES', 4, 200000),
('211005A004', 12, 1, 1, 'ALFA LAVAL 3 PHASE DECANTER PANX 650 VS', '(KOBAR LAMA = 21105006)', 'N', 'UNIT', 'TYPE : PANX 650 VS - CAP.30 M3/HR, SUPPLY C/W ACCESSORIES', 4, 200000),
('211005A005', 13, 1, 1, 'ALFA LAVAL VACUUM DRIYER SYSTEMS', '(KOBAR LAMA = 21105007)', 'N', 'UNIT', '12 - 15 TON / HR VACUUM OIL DRYER WITH OIL FEED ; CAP: 12 - 15 TON / HOUR ; MERK : ALFA LAVAL', 4, 200000),
('211005A006', 14, 1, 1, 'ALFA LAVAL SEPARATOR TYPE PASX 710', '(KOBAR LAMA = 21105008)', 'N', 'UNIT', 'TYPE : PASX 710 - CAP. 15 TON SLUDGE/HR,  SUPPLY C/W ACCESSORIES', 4, 200000),
('211005A007', 15, 1, 1, 'ALFA LAVAL CLARIFICATION EQUIPMENT', '(KOBAR LAMA = 21105009)', 'N', 'SET', 'TYPE : PASX 710 - CAP. 15 TON SLUDGE/HR,  SUPPLY C/W ACCESSORIES', 3, 200000),
('211005N001', 21057, 1, 1, 'NOVENCO FAN CBS 900/70/R', '(KOBAR LAMA = 32114023)  TGL 17-12-2014 : DI REQUEST KEMBALI UTK PEMBUATAN SPP BJAP 1 FAC (EDY CHANDRA)', 'N', 'UNIT', 'FAN TYPE : CBS 900/70/R, RPM : 1650, ROTATION : RD90, MOTOR : 75HP', 4, 200000),
('211005N002', 21058, 1, 1, 'NOVENCO FAN CNB 710/70/R', '(KOBAR LAMA = 32114024)  TGL 17-12-2014 : DI REQUEST KEMBALI UTK PEMBUATAN SPP BJAP 1 FAC (EDY CHANDRA)', 'N', 'UNIT', 'FAN TYPE : CBS 900/70/R, RPM : 1650, ROTATION : RD90, MOTOR : 75HP', 4, 200000),
('211005P001', 21923, 1, 2, 'POMPA KEW PUMP ORBIT-2', '(KOBAR LAMA = 21105010)  TGL 18-08-2015 : REQUEST - PEMBUATAN SPP PT WSSL 1 (HARIADI)', 'N', 'UNIT', 'DESANDING PUMPS - MODEL/TYPE : ORBIT2 - 40/380C, SUPPLY C/W MOTOR 20 HP & ACCESSORIES', 4, 200000),
('211005S001', 16, 1, 2, 'SWECO SINGLE DECK VIBRATING SCREEN 60\"', '(KOBAR LAMA = 21105003)', 'N', 'UNIT', 'MA60S88-60\" MESH 20', 4, 200000),
('211005S002', 17, 1, 2, 'SWECO DOUBLE DECK VIBRATING SCREEN 60\"', '(KOBAR LAMA = 21105004)', 'N', 'UNIT', 'VIBRATING SCREEN SWECO DOUBLE DECK, MODEL : MA60S888, SIZE : 60\", MESH : /= 30, /= 40 MG MESS, UNIT ', 4, 200000),
('211005W001', 24326, 1, 2, 'WESTFALIA BRUSH STRAINER WSC 200', '(KOBAR LAMA = 21105011)  TGL 12-10-2017 : REQUEST - PEMBUATAN SPP PT BJAP 01 (SARWANI)', 'N', 'UNIT', 'VIBRATING SCREEN SWECO DOUBLE DECK, MODEL : MA60S888, SIZE : 60\", MESH : /= 30, /= 40 MG MESS, UNIT ', 4, 200000),
('211005W002', 24327, 1, 2, 'WESTFALIA BRUSH STRAINER SB 100', '(KOBAR LAMA = 21105012)  TGL 12-10-2017 : REQUEST - PEMBUATAN SPP PT BJAP 01 (SARWANI)', 'N', 'UNIT', 'VIBRATING SCREEN SWECO DOUBLE DECK, MODEL : MA60S888, SIZE : 60\", MESH : /= 30, /= 40 MG MESS, UNIT ', 4, 200000),
('211006B001', 18, 1, 2, 'BEJANA VERTIKAL KAPASITAS 1.000 LTR', '(KOBAR LAMA = 21106002)', 'N', 'UNIT', 'VIBRATING SCREEN SWECO DOUBLE DECK, MODEL : MA60S888, SIZE : 60\", MESH : /= 30, /= 40 MG MESS, UNIT ', 4, 200000),
('211006B002', 19, 1, 2, 'BEJANA VERTIKAL KAPASITAS 2.000 LTR', '(KOBAR LAMA = 21106001)', 'N', 'UNIT', 'VIBRATING SCREEN SWECO DOUBLE DECK, MODEL : MA60S888, SIZE : 60\", MESH : /= 30, /= 40 MG MESS, UNIT ', 4, 200000),
('211006H001', 20, 1, 2, 'HYDROCYCLONE 3-COMPARTMENT TANK', '(KOBAR LAMA = 21106004)', 'N', 'UNIT', 'VIBRATING SCREEN SWECO DOUBLE DECK, MODEL : MA60S888, SIZE : 60\", MESH : /= 30, /= 40 MG MESS, UNIT ', 4, 200000),
('211006M001', 21, 1, 2, 'MESIN RIPPLE MILL KAPASITAS 8-9 TON/HOUR', '(KOBAR LAMA = 21106003)', 'N', 'UNIT', 'CAP : 8-9 TON - MERK : MSB', 4, 200000),
('211006M002', 22418, 1, 2, 'MESIN RIPPLE MILL KAPASITAS 12 TON/HOUR', '(KOBAR LAMA = 21106006)  TGL 29-02-2016 : REQUEST - PEMBUATAN SPP PT WSSL 01 (ZAINI)', 'N', 'UNIT', 'CAP : 8-9 TON - MERK : MSB', 4, 200000),
('211006M003', 24026, 1, 2, 'MESIN RIPPLE MILL KAPASITAS 6 TON/HOUR', '(KOBAR LAMA = 21106007)  TGL 07-08-2017 : REQUEST - PEMBUATAN SPP PT HMBP 1 (SETIAWAN)', 'N', 'UNIT', 'MODEL: MSB RIPLE MILL CAP : 6 TON, SPEED 970 RPM', 4, 200000),
('211006P001', 25341, 1, 2, 'PRESSURE LEAF FILTER', '(KOBAR LAMA = 21116001)  TGL 26-06-2018 : REQUEST - PEMBUATAN SPP PT TASK 01 (JOY)', 'N', 'UNIT', 'MODEL: MSB RIPLE MILL CAP : 6 TON, SPEED 970 RPM', 4, 200000),
('211006V001', 22, 1, 2, 'VERTICAL PRESSURE LEAF FILTER', '(KOBAR LAMA = 21106005)', 'N', 'UNIT', 'MODEL : NYB - 40; FILTER AREA : 40; VOLUME : 2900; WORKING PRESSURE : 0.4', 4, 200000),
('211007A001', 23, 1, 2, 'AIR LOCK DUST COLLECTOR', '(KOBAR LAMA = 21107003)', 'N', 'UNIT', 'MODEL : NYB - 40; FILTER AREA : 40; VOLUME : 2900; WORKING PRESSURE : 0.5', 4, 200000),
('211007B001', 24, 1, 2, 'BOILER', '(KOBAR LAMA = 21107004)', 'N', 'UNIT', 'SPESIFIKASI : BMWT 0520; CAPACITY: 35.000 KG/ HOUR; MERK : BOILERMECH', 4, 200000),
('211007D001', 25, 1, 2, 'DOUBLE DAMPER C/W DRIVER (GEARBOX + MOTOR)', '(KOBAR LAMA = 21107001)', 'N', 'UNIT', 'FOR BOILER TAKUMA N1300 C/W GEAR BOX ; MERK: HRF ; TYPE: FCA/60 ; RATIO: 27,8 AND ELECTROMOTOR MERK:', 4, 200000),
('211007R001', 26, 1, 2, 'ROTOTHERM MICROPROCESSOR BASED RECORDER', '(KOBAR LAMA = 21107005)', 'N', 'UNIT', 'ROTOTHERM PRESSURE RECORDER RP010 CW 100 SHT PAPER CHART & 1 PCS PENS MECHANICAL CHART DRIVE 24 HOUR', 4, 200000),
('211007S001', 27, 1, 2, 'SCRAPPER CONVEYOR T.700 X L.700 X P.24000 MM', '(KOBAR LAMA = 21107002)', 'N', 'SET', 'ROTOTHERM PRESSURE RECORDER RP010 CW 100 SHT PAPER CHART & 1 PCS PENS MECHANICAL CHART DRIVE 24 HOUR', 4, 200000),
('211007S002', 24575, 1, 2, 'SOFTENER TANK CAP 50 M3', '(KOBAR LAMA = 21107007)  TGL 22-12-2017 : REQUEST - PEMBUATAN SPP PT BJAP 01 (SARWANI)', 'N', 'UNIT', 'ROTOTHERM PRESSURE RECORDER RP010 CW 100 SHT PAPER CHART & 1 PCS PENS MECHANICAL CHART DRIVE 24 HOUR', 4, 200000),
('211007V001', 23693, 1, 2, 'VIBRATING GRATES FOR BOILER', '(KOBAR LAMA = 21107006)  TGL 31-03-2017 : REQUEST - PEMBUATAN SPP PT SCP 02 (JOY)', 'N', 'UNIT', 'BMWT4534SAT BI-DRUM WATER TUBE BOILER-HAVING ACTUAL EVARATING CAPACITY OF 45,000 KG/HR MCR AT 30 BAG', 4, 200000),
('211011O001', 28, 1, 2, 'OIL SKIMMER MERK ELASTEC TYPE HTCR MINIMAS', '(KOBAR LAMA = 21110002)', 'N', 'SET', 'BMWT4534SAT BI-DRUM WATER TUBE BOILER-HAVING ACTUAL EVARATING CAPACITY OF 45,000 KG/HR MCR AT 30 BAG', 4, 200000),
('211011S001', 29, 1, 2, 'SLUDGE SEPARATOR TYPE DA-45-01-026 WI', '(KOBAR LAMA = 21110001)', 'N', 'UNIT', 'BMWT4534SAT BI-DRUM WATER TUBE BOILER-HAVING ACTUAL EVARATING CAPACITY OF 45,000 KG/HR MCR AT 30 BAG', 4, 200000),
('211012P001', 24842, 1, 2, 'POLISHING DRUM C/W ROLLER & SPROCKET 120 IR', '(KOBAR LAMA = 21112001)  TGL 24-02-2018 : REQUEST - PEMBUATAN SPP PT WSSL 01 (MULYANA)', 'N', 'UNIT', 'POLISHING DRUM = 1 UNIT, ROLLER = 8 SET, SPROCKET 120-1R = 1 PCS, TRANSMISSION ROLLER CHAIN 120-1R', 4, 200000),
('211015A001', 30, 1, 2, 'ALTERNATOR LEROY SOMER LSA 53 S75, 2.750 KVA', '(KOBAR LAMA = 21115001)', 'N', 'UNIT', 'POLISHING DRUM = 1 UNIT, ROLLER = 8 SET, SPROCKET 120-1R = 1 PCS, TRANSMISSION ROLLER CHAIN 120-1R', 4, 200000),
('211015B001', 26238, 1, 2, 'BACK PRESSURE PESSEL (BPV) DIA. 1160 X 6400 MM', '(KOBAR LAMA = 21115009)  TGL 05-12-2018 : REQUEST - PEMBUATAN SPP PT WSSL 01 (MULYANA)', 'N', 'PCS', 'POLISHING DRUM = 1 UNIT, ROLLER = 8 SET, SPROCKET 120-1R = 1 PCS, TRANSMISSION ROLLER CHAIN 120-1R', 4, 200000),
('211015G001', 31, 1, 2, 'GENSET CUMMINS 350 KVA', '(KOBAR LAMA = 21115004)', 'N', 'UNIT', 'POLISHING DRUM = 1 UNIT, ROLLER = 8 SET, SPROCKET 120-1R = 1 PCS, TRANSMISSION ROLLER CHAIN 120-1R', 4, 200000),
('211015G002', 32, 1, 2, 'GENSET CUMMINS 640 KVA', '(KOBAR LAMA = 21115005)', 'N', 'UNIT', 'POLISHING DRUM = 1 UNIT, ROLLER = 8 SET, SPROCKET 120-1R = 1 PCS, TRANSMISSION ROLLER CHAIN 120-1R', 4, 200000),
('211015G003', 33, 1, 2, 'GENSET KOMATSU EGS300-6 - 276 KVA', '(KOBAR LAMA = 21115006)', 'N', 'UNIT', 'POLISHING DRUM = 1 UNIT, ROLLER = 8 SET, SPROCKET 120-1R = 1 PCS, TRANSMISSION ROLLER CHAIN 120-1R', 4, 200000),
('211015G004', 34, 1, 2, 'GENSET KOMATSU EGS850-6 - 705 KVA', '(KOBAR LAMA = 21115007)', 'N', 'UNIT', 'POLISHING DRUM = 1 UNIT, ROLLER = 8 SET, SPROCKET 120-1R = 1 PCS, TRANSMISSION ROLLER CHAIN 120-1R', 4, 200000),
('211015G005', 35, 1, 2, 'GENSET BIOGAS 1100 KW', '(KOBAR LAMA = 21115002)', 'N', 'UNIT', 'POLISHING DRUM = 1 UNIT, ROLLER = 8 SET, SPROCKET 120-1R = 1 PCS, TRANSMISSION ROLLER CHAIN 120-1R', 4, 200000),
('211015S001', 36, 1, 2, 'STEAM TURBINE C/W ALTERNATOR', '(KOBAR LAMA = 21115003)', 'N', 'UNIT', 'STEAM TURBINE MODEL : SHINKO RB 5M, COUNTRY OF ASSEMBLY & TESTING : MALAYSIA, TYPE : HORIZONTAL CURT', 4, 200000),
('211015S002', 19668, 1, 2, 'STEAM TURBINE C/W PUMP', '(KOBAR LAMA = 21115008)  ', 'N', 'UNIT', 'MERK : SPECK PUMP ES5008 - INLET PRESSURE : 30 BAR, INLET TEMP : 234 C', 4, 200000),
('211018C001', 37, 1, 2, 'COOLING TOWER SYSTEM', '(KOBAR LAMA = 21118001)', 'N', 'UNIT', 'MERK : SPECK PUMP ES5008 - INLET PRESSURE : 30 BAR, INLET TEMP : 234 C', 4, 200000),
('211018C002', 24582, 1, 2, 'CHILLER & HUMIDIFIER FLOW GAS', '(KOBAR LAMA = 21118002)  TGL 22-12-2017 : REQUEST - PEMBUATAN SPP PT WSSL 01 (MULYANA)', 'N', 'SET', 'TERDIRI DARI :- HEAT EXCHARGER GAS COOLER CAP. 1200 M?/H MATERIAL : SS304 (SPEK : TERLAMPIR DIPENAWA', 4, 200000),
('211018C003', 24765, 1, 2, 'CHANGE OVER SWITCH (COS) ON-OF-ON 1500 A', '(KOBAR LAMA = 21118004)  TGL 03-02-2018 : REQUEST - PEMBUATAN SPP PT WSSL 01 (MULYANA)', 'N', 'UNIT', 'TERDIRI DARI :- HEAT EXCHARGER GAS COOLER CAP. 1200 M?/H MATERIAL : SS304 (SPEK : TERLAMPIR DIPENAWA', 4, 200000),
('211018C004', 28712, 1, 2, 'CHILLER FLOW GAS', '(KOBAR LAMA = 21118005)  TGL 10-06-2020 : REQUEST - PEMBUATAN SPP PT WSSL 01 (IMAM PKS)', 'N', 'UNIT', 'TERDIRI DARI :- HEAT EXCHARGER GAS COOLER CAP. 1200 M?/H MATERIAL : SS304 (SPEK : TERLAMPIR DIPENAWA', 4, 200000),
('211018G001', 24583, 1, 2, 'GAS BLOWER', '(KOBAR LAMA = 21118003)  TGL 22-12-2017 : REQUEST - PEMBUATAN SPP PT WSSL 01 (MULYANA)', 'N', 'UNIT', 'TERDIRI DARI :- HEAT EXCHARGER GAS COOLER CAP. 1200 M?/H MATERIAL : SS304 (SPEK : TERLAMPIR DIPENAWA', 4, 200000),
('211018M001', 24588, 1, 2, 'METHANE ANALYSER BIOGAS 3000', '(KOBAR LAMA = 21113001)  TGL 03-01-2018 : REQUEST - PEMBUATAN SPP PT WSSL 01 (MULYANA)', 'N', 'UNIT', 'TERDIRI DARI :- HEAT EXCHARGER GAS COOLER CAP. 1200 M?/H MATERIAL : SS304 (SPEK : TERLAMPIR DIPENAWA', 4, 200000),
('212001A001', 20891, 1, 2, 'AIR RECEIVER TANK', '(KOBAR LAMA = 21210018)  MESIN PERBENGKELANTGL 04-11-2014 : REQUEST - PEMBUATAN SPP HO (HARIADI)', 'N', 'UNIT', 'VERTICAL CYLINDER WITH SUPPORTING LEGS, WORKING PRESSURE 10BAR, KAPASITAS 10.000 LITER COMPLETE WITH', 4, 200000),
('212001A002', 21300, 1, 2, 'AIR IMPACT WRENCH 1\"', '(KOBAR LAMA = 37501032)  TGL 26-03-2015 : DI REQUEST KEMBALI U/ DATA STOCK PT SCP 1 PKS (SUPRIADI)', 'N', 'UNIT', 'MERK: TEKIRO', 4, 200000),
('212001A003', 23773, 1, 2, 'AIR IMPACT WRENCH 1/2\"', '(KOBAR LAMA = 37501045)  TGL 22-05-2017 : REQUEST - PEMBUATAN SPP PT WSSL 02 (SUWAR)                                                                                                                                                                                                                                                                                                                                                                                                                              ', 'N', 'UNIT', 'MERK :MOLLAR', 4, 200000),
('212001A004', 28899, 1, 2, 'ALAT BALANCING', '(KOBAR LAMA = 37501050)  TGL 15-07-2020 : REQUEST - PEMBUATAN SPP PT HMBP 01 (SUWAR)', 'N', 'UNIT', 'MERK :MOLLAR', 4, 200000),
('212001A005', 30753, 1, 2, 'AIR COMPRESSOR 11KW, 2 PISTON', 'REQUEST TGL 29 JULI 2021 - PT. BJAP 02', 'N', 'UNIT', 'MODEL : SVP-205, VOLUME 300 LTR, ELECTROMOTOR : 11KW, 1500RPM, 380VAC, - MERK : SWAN', 4, 200000),
('212001C001', 24650, 1, 2, 'CRANKCASE AIR COMPRESOR', '(KOBAR LAMA = 21210021)  TGL 15-01-2018 : REQUEST - PEMBUATAN SPP PT HMBP 01 (SETIAWAN)', 'N', 'SET', 'MODEL : SVP-205, VOLUME 300 LTR, ELECTROMOTOR : 11KW, 1500RPM, 380VAC, - MERK : SWAN', 4, 200000),
('212001F001', 41, 1, 2, 'FLAME BLOWER KAPASITAS 2 LTR', '(KOBAR LAMA = 21210011)', 'N', 'UNIT', 'SINGLE ACTING CYL. CAP 100 TON , HAND PUMP 10.000 PSI , HYDRAULIC HOSE 6 FT ( 1.8 MTR 0 , PRESSURE G', 4, 200000),
('212001H001', 21902, 1, 2, 'HAND BLOWER', '(KOBAR LAMA = 37508030)  TGL 05-08-2015 : REQUEST - PEMBUATAN SPP PT HMBP 1 (SETIAWAN)', 'N', 'SET', 'MERK : MODERN', 4, 200000),
('212001H002', 25062, 1, 2, 'HYDRAULIC MASTER PULLER', '(KOBAR LAMA = 21210023)  TGL 05-04-2018 : REQUEST - PEMBUATAN SPP PT TASK 01 (GEDE)', 'N', 'SET', 'MERK : MODERN', 4, 200000),
('212001H003', 26529, 1, 2, 'HDPE WELDING MACHINE SHDS 200', '(KOBAR LAMA = 21210027)  TGL 28-01-2019 : REQUEST - PEMBUATAN SPP PT WSSL 02 (SARWANI)', 'N', 'UNIT', 'MERK : MODERN', 4, 200000),
('212001H004', 27941, 1, 2, 'HEAVY DUTY CRANKSHAFT GRINDERS', '(KOBAR LAMA = 21210029)  TGL 21-12-2019 : REQUEST - PEMBUATAN SPP PT BJAP 01 (NANANG)', 'N', 'UNIT', 'MERK : MODERN', 4, 200000),
('212001H005', 30587, 1, 2, 'HYDRAULIC HOSE CRIMPING MACHINE / MESIN PRES SELANG HYDRAULIC', 'REQUEST TGL 3 JUNI 2021 - PT BJAP (NANANG)', 'N', 'UNIT', 'CAPASITY/CRIMPING RANGE : 6-51MM(1/4\"-2\")', 4, 200000),
('212001M001', 42, 1, 2, 'MESIN BUBUT', '(KOBAR LAMA = 21210001)', 'N', 'UNIT', 'SPEC : MAX SWING OVER BED : 660 MM - MAX SWING OVER CROS SLIDE : 420 MM - MAX SWING OVER GAP : 870 M', 4, 200000),
('212001M002', 43, 1, 2, 'MESIN BOR DUDUK', '(KOBAR LAMA = 21210002)', 'N', 'UNIT', 'UKURAN : 13MM', 4, 200000),
('212001M003', 44, 1, 2, 'MESIN BOR MAGNET', '(KOBAR LAMA = 21210003)', 'N', 'UNIT', 'MAX DRILL: 28 MM', 4, 200000),
('212001M004', 45, 1, 2, 'MESIN BOR TANGAN LISTRIK', '(KOBAR LAMA = 21210004)', 'N', 'UNIT', 'UKURAN : 16MM', 4, 200000),
('212001M005', 46, 1, 2, 'MESIN GERINDA DUDUK', '(KOBAR LAMA = 21210005)', 'N', 'UNIT', 'UKURAN : 14?', 4, 200000),
('212001M006', 47, 1, 2, 'MESIN GERINDA POTONG', '(KOBAR LAMA = 21210006)', 'N', 'UNIT', 'UKURAN : 7\"', 4, 200000),
('212001M007', 48, 1, 2, 'MESIN GERINDA TANGAN', '(KOBAR LAMA = 21210007)', 'N', 'UNIT', 'UKURAN : 4?', 4, 200000),
('212001M008', 49, 1, 2, 'MESIN KOMPRESOR', '(KOBAR LAMA = 21210008)', 'N', 'UNIT', 'MERK : SWAN - 20 HP, MODEL : SVU (P)-220', 4, 200000),
('212001M009', 50, 1, 2, 'MESIN LAS', '(KOBAR LAMA = 21210009)', 'N', 'UNIT', '500A', 4, 200000),
('212001M010', 51, 1, 2, 'MESIN ROLL PLATE', '(KOBAR LAMA = 21210010)', 'N', 'UNIT', '500A', 4, 200000),
('212001M011', 52, 1, 2, 'MESIN BOR & MILLING', '(KOBAR LAMA = 21210012)', 'N', 'UNIT', 'TYPE : DW 25EF ( SR ), MERK : HITACHI', 4, 200000),
('212001M012', 53, 1, 2, 'MESIN GERGAJI POTONG (HACK SAW)', '(KOBAR LAMA = 21210014)', 'N', 'UNIT', 'UKURAN : 14\"', 4, 200000),
('212001M013', 54, 1, 2, 'MESIN PLASMA CUTTING', '(KOBAR LAMA = 21210015)', 'N', 'UNIT', 'TYPE / MODEL : CUT 100', 4, 200000),
('212001M014', 20348, 2, 3, 'MESIN SEKRAP (SHAPING MACHINE)', '(KOBAR LAMA = 21210017)  TGL 12-06-2014 : REQUEST - PEMBUATAN SPP (JOY)', 'N', 'UNIT', 'B6050 ( TENGZHOU CHINA )', 4, 200000),
('212001M015', 25061, 2, 3, 'MESIN GERINDA BOTOL', '(KOBAR LAMA = 21210022)  TGL 04-04-2018 : REQUEST - PEMBUATAN SPP PT TASK 01 (GEDE)', 'N', 'UNIT', 'UKURAN : 4?', 4, 200000),
('212001M016', 26201, 2, 3, 'MESIN HOANING', '(KOBAR LAMA = 21210024)  TGL 26-11-2018 : REQUEST - PEMBUATAN SPP PT BJAP 01  (NANANG)', 'N', 'UNIT', 'LG160H, MERK : AKS', 4, 200000),
('212001M017', 26202, 2, 3, 'MESIN PRESS 100 TON', '(KOBAR LAMA = 21210025)  TGL 26-11-2018 : REQUEST - PEMBUATAN SPP PT BJAP 01  (NANANG)', 'N', 'UNIT', 'TYPE: LG100T, MERK : AKS', 4, 200000),
('212001M018', 26203, 2, 3, 'MESIN PRESS LINER ', '(KOBAR LAMA = 21210026)  TGL 26-11-2018 : REQUEST - PEMBUATAN SPP PT BJAP 01  (NANANG)', 'N', 'UNIT', 'TYPE: LG100T, MERK : AKS', 4, 200000),
('212001M019', 28669, 2, 3, 'MESIN GERGAJI POTONG (CIRCULAR SAW)', '(KOBAR LAMA = 21210031)  TGL 20-05-2020 : REQUEST - PEMBUATAN SPP PT BJAP 03 (ARY)', 'N', 'UNIT', 'CIRCULAR UKURAN 7 INCH / 185 MM', 4, 200000),
('212001M020', 29294, 2, 3, 'MESIN AMPLAS', '(KOBAR LAMA = 21210034)  TGL 19-10-2020 : REQUEST - PEMBUATAN SPP PT SCP 01 (EDY CHANDRA)', 'N', 'UNIT', 'CIRCULAR UKURAN 7 INCH / 185 MM', 4, 200000),
('212001S001', 30059, 2, 3, 'STABILIZER INDUSTRI', 'REQUEST TGL : 24 MARET 2021 - PT. WSSL 01 (SURYA)', 'N', 'UNIT', '10 KVA - 3 PHASE', 4, 200000),
('212001T001', 55, 2, 3, 'TRAVO LAS', '(KOBAR LAMA = 37520018)', 'N', 'UNIT', 'TYPE : ENKA 400 - AC 400 INPUT 380 V - 3 PHASE, MERK : ENKA', 4, 200000),
('212001T002', 23235, 2, 3, 'TABUNG KOMPRESOR CHILLER', '(KOBAR LAMA = 21210020)  TGL 13-12-2016 : REQUEST - PEMBUATAN SPP PT BJAP 1 (SARWANI)', 'N', 'UNIT', 'TYPE : ZR144-KCE-TFD-52E', 4, 200000),
('212001T003', 26535, 2, 3, 'TIRE CHANGER', '(KOBAR LAMA = 21210028)  TGL 04-02-2019 : REQUEST - PEMBUATAN SPP PT TASK 01 (SUBUR)', 'N', 'UNIT', 'MERK : TEKIRO', 4, 200000),
('212001T004', 29702, 2, 3, 'TRAVO STEP DOWN 30 KVA', '(KOBAR LAMA = 37520085)  TGL 04-01-2021 : REQUEST - PEMBUATAN SPP PT TASK 01  (EDY ARWIN)', 'N', 'UNIT', 'TYPE : 3 PHASE (BASAH) - PRIMER : 660 V, SEKUNDER : 380 V - MERK : CENTRADO', 4, 200000),
('212001T005', 29703, 2, 3, 'TRAVO STEP DISTRIBUSI 30 KVA', '(KOBAR LAMA = 37520086)TGL 04-01-2021 : REQUEST - PEMBUATAN SPP PT TASK 01  (EDY ARWIN)', 'N', 'UNIT', 'TYPE : 3 PHASE (BASAH) - PRIMER : 340-370 V, SEKUNDER : 380V - MERK : CENTRADO', 4, 200000),
('212001T006', 29734, 2, 3, 'TRAVO STEP DOWN 50 KVA', '(KOBAR LAMA = 37520087)  TGL 09-01-2021 : REQUEST - PEMBUATAN SPP PT TASK 01  (EDY ARWIN)', 'N', 'UNIT', 'MERK : CENTRADO - TYPE : 3 PHASE (BASAH), PRIMER 660 V, SECONDARY 380 V', 4, 200000),
('212001V001', 27942, 2, 3, 'VERTICAL CYLINDER BORING MACHINE', '(KOBAR LAMA = 21210030)  TGL 21-12-2019 : REQUEST - PEMBUATAN SPP PT BJAP 01 (NANANG)', 'N', 'UNIT', 'MERK : CENTRADO - TYPE : 3 PHASE (BASAH), PRIMER 660 V, SECONDARY 380 V', 4, 200000),
('212001V002', 28976, 2, 3, 'VIBRATION DIAGNOSIS KIT', '(KOBAR LAMA = 21210032)  TGL 27-07-2020 : REQUEST - PEMBUATAN SPP PT WSSL 02 (LILY)', 'N', 'UNIT', 'MERK : FAG, MODEL : DETECTOR III', 4, 200000),
('212001V003', 28977, 2, 3, 'VIBRATION BALANCING KIT', '(KOBAR LAMA = 21210033)  TGL 27-07-2020 : REQUEST - PEMBUATAN SPP PT WSSL 02 (LILY)', 'N', 'UNIT', 'CX BALANCER - MAINTECH', 4, 200000),
('212002M001', 56, 2, 3, 'MESIN MOLEN', '(KOBAR LAMA = 21220001)', 'N', 'UNIT', 'KAPASITAS 500LTR TANPA DIESEL', 4, 200000),
('212002M002', 57, 2, 3, 'MESIN CETAK BATAKO', '(KOBAR LAMA = 21220002)', 'N', 'UNIT', 'KAPASITAS 500LTR TANPA DIESEL', 4, 200000),
('212002M003', 58, 2, 3, 'MESIN GERGAJI BESI (JIG SAW)', '(KOBAR LAMA = 21220003)', 'N', 'UNIT', 'KAPASITAS 500LTR TANPA DIESEL', 4, 200000),
('212002M004', 59, 2, 3, 'MESIN POTONG KERAMIK', '(KOBAR LAMA = 21220004)', 'N', 'UNIT', 'TYPE : MT 413, MERK : MAKTEC', 4, 200000),
('212002M005', 60, 2, 3, 'MESIN KETAM KAYU', '(KOBAR LAMA = 21220005)', 'N', 'UNIT', 'TYPE : M1901 B, MERK : MAKITA', 4, 200000),
('212002M006', 61, 2, 3, 'MESIN PROFIL KAYU (ROUTER/TRIMMER)', '(KOBAR LAMA = 21220006)', 'N', 'UNIT', 'MERK : MAKITA', 4, 200000),
('212002M007', 25629, 2, 3, 'MESIN PEMOTONG KAYU', '(KOBAR LAMA = 21220008)  TGL 20-08-2018 : REQUEST - PEMBUATAN SPP PT HMBP 01 (PUJI)', 'N', 'UNIT', 'MERK : MAKITA', 4, 200000),
('212002M008', 25726, 2, 3, 'MESIN VIBRATOR BETON', '(KOBAR LAMA = 21220009)  TGL 17-09-2018 : REQUEST - PEMBUATAN SPP PT SCP 02 (MISPAN)', 'N', 'UNIT', 'MERK : JIAN DONG C/W SELANG 6MTR', 4, 200000),
('212002S001', 20747, 2, 3, 'STAMPING RAMMER', '(KOBAR LAMA = 21220007)  ALAT PEMADAT TANAHTGL 08-09-2014 : REQUEST - PEMBUATAN SPP (IMAM TEKNIK HO)', 'N', 'UNIT', 'MERK : JIAN DONG C/W SELANG 6MTR', 4, 200000),
('212003G001', 62, 2, 3, 'GENSET 1,25 KVA', '(KOBAR LAMA = 21230020)', 'N', 'UNIT', 'MERK : JIAN DONG C/W SELANG 6MTR', 4, 200000),
('212003G002', 63, 2, 3, 'GENSET 2,5 KVA', '(KOBAR LAMA = 21230022)', 'N', 'UNIT', 'MERK : JIAN DONG C/W SELANG 6MTR', 4, 200000),
('212003G003', 64, 2, 3, 'GENSET 2,75 KVA', '(KOBAR LAMA = 21230021)', 'N', 'UNIT', 'MERK : JIAN DONG C/W SELANG 6MTR', 4, 200000),
('212003G004', 65, 2, 3, 'GENSET 3 KVA', '(KOBAR LAMA = 21230024)', 'N', 'UNIT', 'MERK : JIAN DONG C/W SELANG 6MTR', 4, 200000),
('212003G005', 66, 2, 3, 'GENSET 5 KVA', '(KOBAR LAMA = 21230023)', 'N', 'UNIT', 'MERK : JIAN DONG C/W SELANG 6MTR', 4, 200000),
('212003G006', 67, 2, 3, 'GENSET 11 KVA', '(KOBAR LAMA = 21230026)', 'N', 'UNIT', 'DF S 1100', 4, 200000),
('212003G007', 68, 2, 3, 'GENSET 15 KVA', '(KOBAR LAMA = 21230001)', 'N', 'UNIT', '15 KVA, 3 PHASE, PENGGERAK DIESEL 16HP', 4, 200000),
('212003G008', 69, 2, 3, 'GENSET 17,5 KVA', '(KOBAR LAMA = 21230002)', 'N', 'UNIT', '16 KVA, 3 PHASE, PENGGERAK DIESEL 16HP', 4, 200000),
('212003G009', 70, 2, 3, 'GENSET 20 KVA', '(KOBAR LAMA = 21230003)', 'N', 'UNIT', 'DONGFENG S1115 C/W ALTERNATOR STC15', 4, 200000),
('212003G010', 71, 2, 3, 'GENSET 25 KVA', '(KOBAR LAMA = 21230004)', 'N', 'UNIT', 'DONGFENG S1115 C/W ALTERNATOR STC16', 4, 200000),
('212003G011', 72, 2, 3, 'GENSET 30 KVA', '(KOBAR LAMA = 21230005)', 'N', 'UNIT', 'ENGINE :MITSUBISHI 4D30/31, 4 SILINDER, 1500 RPM , (REKONDISI).ALTERNATOR : ADK, 30 KVA, 3PHASE, 220', 4, 200000),
('212003G012', 73, 2, 3, 'GENSET 40 KVA', '(KOBAR LAMA = 21230006)', 'N', 'UNIT', 'ENGINE :MITSUBISHI 4D32/34, 4 SILINDER, 1500 RPM (REKONDISI).ALTERNATOR : ADK, 40 KVA, 3PHASE, 220/3', 4, 200000),
('212003G013', 74, 2, 3, 'GENSET 50 KVA', '(KOBAR LAMA = 21230007)', 'N', 'UNIT', 'ENGINE :MITSUBISHI 4D32/34, 4 SILINDER, 1500 RPM (REKONDISI).ALTERNATOR : ADK, 40 KVA, 3PHASE, 220/3', 4, 200000),
('212003G014', 75, 2, 3, 'GENSET 60 KVA', '(KOBAR LAMA = 21230008)', 'N', 'UNIT', 'OPEN TYPE REKONDISI ; 6D14 ; MITSUBISHI ; 380 V - 400V , 3 PHASE - 4 WIRE ; 0.8 / 50HZ , 1500 RPM . ', 4, 200000),
('212003G015', 76, 2, 3, 'GENSET 80 KVA', '(KOBAR LAMA = 21230009)', 'N', 'UNIT', 'OPEN TYPE REKONDISI ; 6D14 ; MITSUBISHI ; 380 V - 400V , 3 PHASE - 4 WIRE ; 0.8 / 50HZ , 1500 RPM . ', 4, 200000),
('212003G016', 77, 2, 3, 'GENSET 100 KVA', '(KOBAR LAMA = 21230010)', 'N', 'UNIT', 'GENSET MITSUBISHI 100 KVA - ENGINE MITSUBISHI 6D15 TURBO ; 6 SILINDER ; 1500 RPM REKONDISI ; ALTERNA', 4, 200000),
('212003G017', 78, 2, 3, 'GENSET PORTABLE', '(KOBAR LAMA = 21230025)', 'N', 'UNIT', 'OUTPUT : 1000 WATT / 1 KW / 1.25 KVA', 4, 200000),
('212003G018', 79, 2, 3, 'GENSET 125 KVA', '(KOBAR LAMA = 21230014)', 'N', 'UNIT', 'ENGINE : MITSUBISHI', 4, 200000),
('212003G019', 25099, 2, 3, 'GENSET 500 KVA', '(KOBAR LAMA = 21230017)  TGL 17-04-2018 : REQUEST - PEMBUATAN SPP PT WSSL 01 (JOY)', 'N', 'UNIT', 'ENGINE : MITSUBISHI', 4, 200000),
('212003G020', 28292, 2, 3, 'GENERATOR YANMAR 10000 WATT', '(KOBAR LAMA = 21230018)  TGL 16-03-2020 : REQUEST - PEMBUATAN SPP PT WSSL 01 (GERRY TEKNIK)', 'N', 'UNIT', 'ENGINE : MITSUBISHI', 4, 200000),
('212003G021', 28320, 2, 4, 'GENSET 7 KVA', '(KOBAR LAMA = 21230027)  TGL 20-03-2020 : REQUEST - PEMBUATAN SPP PT WSSL 01 (SETIAWAN TEKNIK)', 'N', 'UNIT', 'GENSET 7 KVA - 3 PHASEDONGFENG TYPE S1110M HOPPE - STARTER+ ALTERNATOR STC 10+ RANGKA PIPA PIPA + AC', 4, 200000),
('212005B001', 28895, 2, 4, 'BLOWER PUMP LONG TECH LT-080', '(KOBAR LAMA = 21250094)  TGL 13-07-2020 : REQUEST - PEMBUATAN SPP PT SCP 01 (SUPRIADI)', 'N', 'UNIT', 'GENSET 7 KVA - 3 PHASEDONGFENG TYPE S1110M HOPPE - STARTER+ ALTERNATOR STC 10+ RANGKA PIPA PIPA + AC', 4, 200000),
('212005D001', 29927, 2, 4, 'DUPLEX CHEMICAL DOSING PUMP', '(KOBAR LAMA = 21250097)  TGL 08-02-2021 : REQUEST - PEMBUATAN SPP PT WSSL 02 (SUWAR)', 'N', 'UNIT', 'MODEL DOUBLE PISTON - CAPASITAS  60 LT/HR  (2 X 30 L/HR),  MAX. PRESSURE 35 KG/CM2, SUCTION / DISCHA', 4, 200000),
('212005M001', 28321, 2, 4, 'MESIN CUCI MOBIL', '(KOBAR LAMA = 21250092)  TGL 19-03-2020 : REQUEST - PEMBUATAN SPP PT WSSL 01 (RONY)', 'N', 'UNIT', 'MESIN STEAM CUCI MOBIL JET CLEANER, 70 / PRESSURE WASHER', 4, 200000),
('212005P001', 80, 2, 4, 'POMPA AIR SUMUR DANGKAL', '(KOBAR LAMA = 21250007)', 'N', 'UNIT', 'MERK : PANASONIC', 4, 200000),
('212005P002', 81, 2, 4, 'POMPA AIR SUMUR DALAM (JET PUMP)', '(KOBAR LAMA = 21250008)', 'N', 'UNIT', 'MERK : SHIMITZU', 4, 200000),
('212005P003', 82, 2, 4, 'POMPA AIR 1\" C/W MESIN', '(KOBAR LAMA = 21250001)', 'N', 'UNIT', 'MERK : SHIMITZU', 4, 200000),
('212005P004', 83, 2, 4, 'POMPA AIR 2\" C/W MESIN', '(KOBAR LAMA = 21250002)', 'N', 'UNIT', 'MERK : SHIMITZU', 4, 200000),
('212005P005', 84, 2, 4, 'POMPA AIR 3\" C/W MESIN', '(KOBAR LAMA = 21250003)', 'N', 'UNIT', 'MERK : SHIMITZU', 4, 200000),
('212005P006', 85, 2, 4, 'POMPA AIR 4\" C/W MESIN', '(KOBAR LAMA = 21250004)', 'N', 'UNIT', 'MESIN : YANMAR TS230R + POMPA NS 150', 4, 200000),
('212005P007', 86, 2, 4, 'POMPA AIR 6\" C/W MESIN', '(KOBAR LAMA = 21250005)', 'N', 'UNIT', 'NS150 DICOUPLE ENGINE YANMAR TS230R', 4, 200000),
('212005P008', 87, 2, 4, 'POMPA AIR 8\" C/W MESIN', '(KOBAR LAMA = 21250006)', 'N', 'UNIT', 'NS150 DICOUPLE ENGINE YANMAR TS230R', 4, 200000),
('212005P009', 88, 2, 4, 'POMPA SUBMERSIBLE 1\"', '(KOBAR LAMA = 21250046)', 'N', 'UNIT', 'TYPE : P5600, 95 WATT, VOLT : 220 VAC / 50 HZ, KAP : 4000 L / H, MERK : AQUILA', 4, 200000),
('212005P010', 89, 2, 4, 'POMPA SUBMERSIBLE 2\"', '(KOBAR LAMA = 21250047)', 'N', 'UNIT', 'TYPE : KTZ 22.2 ; DISCHARGE BORE: 2\" (50 MM) ; POWER: 2.2 KW/3 PHASE/380V/50HZ/2POLE, MERK : TSURUMI', 4, 200000),
('212005P011', 90, 2, 4, 'POMPA SUBMERSIBLE 3\"', '(KOBAR LAMA = 21250048)', 'N', 'UNIT', 'TYPE : KTZ 4.5 OUTPUT = 7,5 KW 3 PHASE, MERK : TSURUMI', 4, 200000),
('212005P012', 91, 2, 4, 'POMPA SUBMERSIBLE 4\"', '(KOBAR LAMA = 21250049)', 'N', 'UNIT', 'TYPE : KTZ 45.5 ; DISCHARGE BORE: 4\" (100 MM) ; POWER: 5.5 KW/3 PHASE/380V/50HZ/2POLE, MERK : TSURUM', 4, 200000),
('212005P013', 92, 2, 4, 'POMPA STEAM C/W ELECTROMOTOR', '(KOBAR LAMA = 21250056)', 'N', 'UNIT', 'MERK : SANCHIN ( C/W SELANG 50 MTR & GUN MODEL PANJANG )', 4, 200000),
('212005P014', 93, 2, 4, 'POMPA AIR REVERSE OSMOSIS (R.O)', '(KOBAR LAMA = 21250061)', 'N', 'UNIT', 'MERK : SANCHIN ( C/W SELANG 50 MTR & GUN MODEL PANJANG )', 4, 200000),
('212005P015', 94, 2, 4, 'POMPA KEW PUMP KS-SC 100-315', '(KOBAR LAMA = 21250020)', 'N', 'UNIT', 'TYPE : CC 100 315, SUCTION : 125MM, DISCHARGE : 100MM, MATERIAL DESIGN : CASING / IMPELLER / SHAFT =', 4, 200000),
('212005P016', 95, 2, 4, 'POMPA KEW PUMP KS-SE2 SEN-50', '(KOBAR LAMA = 21250021)', 'N', 'UNIT', 'TYPE : CC 100 315, SUCTION : 125MM, DISCHARGE : 100MM, MATERIAL DESIGN : CASING / IMPELLER / SHAFT =', 4, 200000),
('212005P017', 96, 2, 4, 'POMPA KEW PUMP KS-SE3 SEK-40', '(KOBAR LAMA = 21250022)', 'N', 'UNIT', 'MATERIAL : CA15/CA15/SS304, SEALING : MECHANICAL SEAL (CA/CE/VITON), IMPELLER TYPE : SEMI OPEN (254M', 4, 200000),
('212005P018', 97, 2, 4, 'POMPA KEW PUMP KS-SE3 SEK-50', '(KOBAR LAMA = 21250023)', 'N', 'UNIT', 'PART FOR KEW PUMP KS-SE3 SEK-50', 4, 200000),
('212005P019', 98, 2, 4, 'POMPA KEW PUMP KS-SE3 SEK-80', '(KOBAR LAMA = 21250024)', 'N', 'UNIT', 'TYPE : CKN 80, SUCTION : 100MM, DISCHARGE : 80MM, MATERIAL DESIGN : CASING / IMPELLER / SHAFT = SSCA', 4, 200000),
('212005P020', 99, 2, 4, 'POMPA KEW PUMP KS-SE3 SEK-100', '(KOBAR LAMA = 21250025)', 'N', 'UNIT', 'TYPE: KS SE3 SEK 100 R, MAT: CA 15 STAINLESS STEEL - SEALING MECHANICAL SEAL - C/W : E.MOTOR 15 KW /', 4, 200000),
('212005P021', 100, 2, 4, 'POMPA KEW PUMP KS-SE3 SEL-40C', '(KOBAR LAMA = 21250026)', 'N', 'UNIT', 'TYPE :KSSE3 SEL 40CMATERIAL : SSCA15/SSCA15/SS304SEALING : MECHANICAL SEAL : (CA/CE/VITON)IMPELLER T', 4, 200000),
('212005P022', 101, 2, 4, 'POMPA KEW PUMP KS-SG2 SGN 32-160', '(KOBAR LAMA = 21250066)', 'N', 'UNIT', 'TYPE : KS-SG2-SGN 32-160, MATERIAL : SS304/SS304/SS304, SEALING : MECHANICAL SEAL, IMPELLER TYPE : C', 4, 200000),
('212005P023', 102, 2, 4, 'POMPA KEW PUMP KS-SG2 SGN 65-200', '(KOBAR LAMA = 21250065)', 'N', 'UNIT', 'TYPE : KS-SG2-SGN 32-160, MATERIAL : SS304/SS304/SS304, SEALING : MECHANICAL SEAL, IMPELLER TYPE : C', 4, 200000),
('212005P024', 103, 2, 4, 'POMPA KEW PUMP KS-SR 32-160', '(KOBAR LAMA = 21250027)', 'N', 'UNIT', 'TYPE : KS-SG2-SGN 32-160, MATERIAL : SS304/SS304/SS304, SEALING : MECHANICAL SEAL, IMPELLER TYPE : C', 4, 200000),
('212005P025', 104, 2, 4, 'POMPA KEW PUMP KS-SR 50-130', '(KOBAR LAMA = 21250028)', 'N', 'UNIT', 'TYPE: KSSR 50-130, MATERIAL : CI/SS, SEALING MECHANICAL SEAL, IMPELLER TYPE CLOSED, INLET / OUTLET :', 4, 200000),
('212005P026', 105, 2, 4, 'POMPA KEW PUMP KS-SR 65-200', '(KOBAR LAMA = 21250029)', 'N', 'UNIT', 'TYPE: KSSR 50-130, MATERIAL : CI/SS, SEALING MECHANICAL SEAL, IMPELLER TYPE CLOSED, INLET / OUTLET :', 4, 200000),
('212005P027', 106, 2, 4, 'POMPA KEW PUMP KS-SR 80-320', '(KOBAR LAMA = 21250030)', 'N', 'UNIT', 'TYPE: KSSR 50-130, MATERIAL : CI/SS, SEALING MECHANICAL SEAL, IMPELLER TYPE CLOSED, INLET / OUTLET :', 4, 200000),
('212005P028', 107, 2, 4, 'POMPA KEW PUMP KS-SR 80-400', '(KOBAR LAMA = 21250057)', 'N', 'UNIT', 'TYPE : CH 125 X 80 - 400 ; SUCTION 125 MM ; DISCHARGE 80 MM ; CASING / IMPELLER / SHAFT : CI / CI / ', 4, 200000),
('212005P029', 108, 2, 4, 'POMPA KEW PUMP KS-SR 100-260', '(KOBAR LAMA = 21250042)', 'N', 'UNIT', 'TYPE : CH 125 X 80 - 400 ; SUCTION 125 MM ; DISCHARGE 80 MM ; CASING / IMPELLER / SHAFT : CI / CI / ', 4, 200000),
('212005P030', 109, 2, 4, 'POMPA KEW PUMP ORBIT 40/380C', '(KOBAR LAMA = 21250031)', 'N', 'UNIT', 'TYPE : ORBIT, MODEL 40/380 C MM, RPM: 1350', 4, 200000),
('212005P031', 110, 2, 4, 'POMPA MTP PUMP OBNT.2', '(KOBAR LAMA = 21250032)', 'N', 'UNIT', 'TYPE : ORBIT, MODEL 40/380 C MM, RPM: 1351', 4, 200000),
('212005P032', 111, 2, 4, 'POMPA MTP PUMP OBNT.3', '(KOBAR LAMA = 21250033)', 'N', 'UNIT', 'TYPE : ORBIT, MODEL 40/380 C MM, RPM: 1352', 4, 200000),
('212005P033', 112, 2, 4, 'POMPA MTP PUMP OBNT.4', '(KOBAR LAMA = 21250034)', 'N', 'UNIT', 'CK PUMP MTP - OBNT 4 SCU, MATERIAL : SS-CMMA CASING, IMPELLER & SEAL HOUSING - SEALING : MECHANICAL ', 4, 200000),
('212005P034', 113, 2, 4, 'POMPA PROMINENT PUMP S1BAH 10050 PVT', '(KOBAR LAMA = 21250043)', 'N', 'UNIT', 'TYPE : S1BAH 10050 PVT, POWER SUPPLY : 0.09 KW, DOSING RATE : 44/53 I/H, 10 BAR', 4, 200000),
('212005P035', 114, 2, 4, 'POMPA PROMINENT PUMP S2BAH 16130 PVT', '(KOBAR LAMA = 21250044)', 'N', 'UNIT', 'TYPE : S2BAH 16130 PVT, POWER SUPPLY : 230/400V/50/60HZ/0.25 KW, DOSING RATE : 130/165L/H,10 BAR,', 4, 200000),
('212005P036', 115, 2, 4, 'POMPA PROMINENT PUMP SIGMA II-12090 PVT', '(KOBAR LAMA = 21250045)', 'N', 'UNIT', 'TYPE : S2BAH 16130 PVT, POWER SUPPLY : 230/400V/50/60HZ/0.25 KW, DOSING RATE : 130/165L/H,10 BAR,', 4, 200000),
('212005P037', 116, 2, 4, 'POMPA PROMINENT PUMP S1BAHM 10044 PVT', '(KOBAR LAMA = 21250058)', 'N', 'UNIT', 'C/W INJECTION VALVE+ FOOT VALVE', 4, 200000),
('212005P038', 117, 2, 4, 'POMPA PROMINENT PUMP S2BAHM 16090 PVT', '(KOBAR LAMA = 21250062)', 'N', 'UNIT', 'TYPE : S2BAHM 16090 PVT, POWER SUPPLY : 230/400V, 50/60HZ, 0.25KW, DOSING RATE : 90 L/H, 16 BAR', 4, 200000),
('212005P039', 118, 2, 4, 'POMPA SIHI PUMP CEHA 5102', '(KOBAR LAMA = 21250035)', 'N', 'UNIT', 'TYPE : S2BAHM 16090 PVT, POWER SUPPLY : 230/400V, 50/60HZ, 0.25KW, DOSING RATE : 90 L/H, 16 BAR', 4, 200000),
('212005P040', 119, 2, 4, 'POMPA SIHI PUMP CEHA 5103', '(KOBAR LAMA = 21250036)', 'N', 'UNIT', 'TYPE : CEHA 5103, SIDE CHANNEL PUMP, SHAFT SEALING : MECHANICAL SEAL, CHASING BODY : DUCTILE IRON, I', 4, 200000),
('212005P041', 120, 2, 4, 'POMPA SIHI PUMP HEGA 5006', '(KOBAR LAMA = 21250037)', 'N', 'UNIT', 'TYPE: HEGA 5006 AB BK3 OB PO ; MATERIAL: CI/CI/CH.STEEL ; SEALING: MECHANICAL SEAL (BARE PUMP ONLY)\"', 4, 200000),
('212005P042', 121, 2, 4, 'POMPA SIHI PUMP LPHA 55312', '(KOBAR LAMA = 21250038)', 'N', 'UNIT', 'TYPE: HEGA 5006 AB BK3 OB PO ; MATERIAL: CI/CI/CH.STEEL ; SEALING: MECHANICAL SEAL (BARE PUMP ONLY)\"', 4, 200000),
('212005P043', 122, 2, 4, 'POMPA SIHI PUMP LPHA 55316', '(KOBAR LAMA = 21250039)', 'N', 'UNIT', 'TYEP: SIHI , TYPE : LPHA 55316 ,CAP : 250M3 / HR , PRESURE = 33 BAR ( UNIT ONLY )', 4, 200000),
('212005P044', 123, 2, 4, 'POMPA SIHI PUMP MSLA', '(KOBAR LAMA = 21250040)', 'N', 'UNIT', 'TYEP: SIHI , TYPE : LPHA 55316 ,CAP : 250M3 / HR , PRESURE = 33 BAR ( UNIT ONLY )', 4, 200000),
('212005P045', 124, 2, 4, 'POMPA SIHI PUMP UNLC 80250', '(KOBAR LAMA = 21250041)', 'N', 'UNIT', 'TYPE : ULNC 80250 BB AA1 OB C/W ELECTROMOTOR MERK : ELECTRIM 11 KW, TYPE : M160 M-4, RPM : 1450', 4, 200000),
('212005P046', 125, 2, 4, 'POMPA TORISHIMA PUMP ETA-N 50 X 40 - 315.1', '(KOBAR LAMA = 21250067)', 'N', 'UNIT', 'INLET X OUTLET: 2\" X 1 1/2\", CAPACITY: 20M3/HR - TOTAL HEAD : 35 METER, MATERIAL : C.IRON CASING / I', 4, 200000),
('212005P047', 126, 2, 4, 'POMPA TORISHIMA PUMP ETA-N 125 X 100 - 120', '(KOBAR LAMA = 21250051)', 'N', 'UNIT', 'INLET X OUTLET: 2\" X 1 1/2\", CAPACITY: 20M3/HR - TOTAL HEAD : 35 METER, MATERIAL : C.IRON CASING / I', 4, 200000),
('212005P048', 127, 2, 4, 'POMPA TORISHIMA PUMP ETA-N 125 X 100 - 250', '(KOBAR LAMA = 21250052)', 'N', 'UNIT', 'INLET X OUTLET: 5\" X 4\", CAPACITY: 100M3/HR - TOTAL HEAD : 24 METER, MATERIAL : C.IRON CASING / IMPE', 4, 200000),
('212005P049', 128, 2, 4, 'POMPA TORISHIMA PUMP ETA-N 200 X 150 - 200', '(KOBAR LAMA = 21250053)', 'N', 'UNIT', 'INLET X OUTLET: 5\" X 4\", CAPACITY: 100M3/HR - TOTAL HEAD : 24 METER, MATERIAL : C.IRON CASING / IMPE', 4, 200000),
('212005P050', 129, 2, 4, 'POMPA TORISHIMA PUMP ETA-N 200 X 150 - 250', '(KOBAR LAMA = 21250064)', 'N', 'UNIT', 'TYPE & SIZE : ETA-N 200 X 150 - 250,TOTAL HEAD:15M,CAPACITY:300 M/H C/W ELECTROMOTOR 22 KW (30 HP)/3', 4, 200000),
('212005P051', 130, 2, 4, 'POMPA TORISHIMA PUMP TYPE MML 80/7', '(KOBAR LAMA = 21250054)', 'N', 'UNIT', 'TYPE : MML 80/7, SPEED : 2900 RPM, CAPACITY : 65 M3/H ( BARE PUMP ONLY )', 4, 200000),
('212005P052', 131, 2, 4, 'POMPA TORISHIMA PUMP TYPE MMO 65/6', '(KOBAR LAMA = 21250063)', 'N', 'UNIT', 'TYPE : MML 80/7, SPEED : 2900 RPM, CAPACITY : 65 M3/H ( BARE PUMP ONLY )', 4, 200000),
('212005P053', 132, 2, 4, 'POMPA SPECK PUMP MODEL ASK 5003', '(KOBAR LAMA = 21250059)', 'N', 'UNIT', 'BARE PUMP UNIT ONLY', 4, 200000),
('212005P054', 133, 2, 4, 'POMPA SPECK PUMP MODEL VH-350', '(KOBAR LAMA = 21250060)', 'N', 'UNIT', 'BARE PUMP UNIT ONLY', 4, 200000),
('212005P055', 134, 2, 4, 'POMPA KIRLOSKAR PUMP TYPE SP-2H', '(KOBAR LAMA = 21250068)', 'N', 'UNIT', 'BARE PUMP UNIT ONLY', 4, 200000),
('212005P056', 20386, 2, 4, 'POMPA DOSING PUMP', '(KOBAR LAMA = 21250071)  TGL 01-07-2014 : REQUEST - PEMBUATAN SPP PT SCP (HARIADI)', 'N', 'UNIT', 'MERK : MILTON ROY, MODEL : GM0090PP1MNN, KAPASITAS : 85 LPH, PRESSURE : 7 BAR, LIQUID END : PVC, BAL', 4, 200000),
('212005P057', 21435, 2, 4, 'POMPA SIHI PUMP HEGA 06507', '(KOBAR LAMA = 21250072)  TGL 09-04-2015 : REQUEST - PEMBUATAN SPP PT WSSL 2 PKS (SARWANI)', 'N', 'UNIT', 'TYPE : HEGA 6507 AB BK3 OB (SINGLE BEARING, MECHANICAL SEAL)', 4, 200000),
('212005P058', 21524, 2, 4, 'POMPA SIHI PUMP LPHA 55320', '(KOBAR LAMA = 21250073)  TGL 06-05-2015 : REQUEST - PEMBUATAN SPP PT BJAP 01 (EDY CHANDRA)', 'N', 'UNIT', 'TYPE : HEGA 6507 AB BK3 OB (SINGLE BEARING, MECHANICAL SEAL)', 4, 200000),
('212005P059', 22642, 2, 4, 'POMPA AIR 7,50 KW GRUNDFOS CR10-20', '(KOBAR LAMA = 21250015)  DIREQUEST KEMBALI TGL 27-05-2016 OLEH PT WSSL 01 (MULYANA)', 'N', 'UNIT', 'TYPE : HEGA 6507 AB BK3 OB (SINGLE BEARING, MECHANICAL SEAL)', 4, 200000),
('212005P060', 23234, 2, 4, 'POMPA CENTRIFUGAL', '(KOBAR LAMA = 21250077)  TGL 13-12-2016 : REQUEST - PEMBUATAN SPP PT BJAP 1 (SARWANI)', 'N', 'UNIT', 'MERK : GRUNDFOS, TYPE : NS 30-36, VOLTAGE : 380 V - 3 PHASE, DAYA LISTRIK P1 : 4.55 KW, DAYA LISTRIK', 4, 200000),
('212005P061', 23778, 2, 4, 'POMPA KEW PUMP KS-SR 50-160', '(KOBAR LAMA = 21250078)  TGL 30-05-2017 : REQUEST - PEMBUATAN SPP PT BJAP 01 (SARWANI)                                                                                                                                                                                                                                                                                                                                                                                                                            ', 'N', 'UNIT', 'MERK : GRUNDFOS, TYPE : NS 30-36, VOLTAGE : 380 V - 3 PHASE, DAYA LISTRIK P1 : 4.55 KW, DAYA LISTRIK', 4, 200000),
('212005P062', 23779, 2, 4, 'POMPA KEW PUMP KS-SR 65-320', '(KOBAR LAMA = 21250079)  TGL 30-05-2017 : REQUEST - PEMBUATAN SPP PT BJAP 01 (SARWANI)                                                                                                                                                                                                                                                                                                                                                                                                                            ', 'N', 'UNIT', 'TYPE : KSSR 65-320, MATERIAL : CI/CI/SS304, SEALING MECHANICAL SEAL, IMPELLER TYPE : CLOSED, INLET/O', 4, 200000),
('212005P063', 24537, 2, 4, 'POMPA TUSHACO TDSH 150', '(KOBAR LAMA = 21250081)  TGL 11-12-2017 : REQUEST - PEMBUATAN SPP PT TASK 03 (ERWIN)', 'N', 'UNIT', 'TYPE : KSSR 65-320, MATERIAL : CI/CI/SS304, SEALING MECHANICAL SEAL, IMPELLER TYPE : CLOSED, INLET/O', 4, 200000),
('212005P064', 24595, 2, 5, 'POMPA KEW PUMP KS-SR 100-400', '(KOBAR LAMA = 21250082)  TGL 05-01-2018 : REQUEST - PEMBUATAN SPP PT TASK 03 (JOY - PURCHASING)', 'N', 'UNIT', 'TYPE : KSSR 65-320, MATERIAL : CI/CI/SS304, SEALING MECHANICAL SEAL, IMPELLER TYPE : CLOSED, INLET/O', 4, 200000),
('212005P065', 25074, 2, 5, 'POMPA KEW PUMP KS-SR 125-400', '(KOBAR LAMA = 21250083)  TGL 09-04-2018 : REQUEST - PEMBUATAN SPP PT TASK 03 (OKY)', 'N', 'UNIT', 'TYPE : KSSR 65-320, MATERIAL : CI/CI/SS304, SEALING MECHANICAL SEAL, IMPELLER TYPE : CLOSED, INLET/O', 4, 200000),
('212005P066', 25719, 2, 5, 'POMPA SPECK PUMP MODEL ES 5008', '(KOBAR LAMA = 21250084)  TGL 10-09-2018 : REQUEST - PEMBUATAN SPP PT TASK 01 (OKI)', 'N', 'UNIT', 'TYPE : ES 5008 , DISCHARGE FLANGE : PN 40 ,DN 50 ,SUCTION FLANGE PN 16 DN 80 ( UNIT POMPA SAJA )', 4, 200000),
('212005P067', 26234, 2, 5, 'POMPA KEW PUMP KS-SR 40-130', '(KOBAR LAMA = 21250085)  TGL 04-12-2018 : REQUEST - PEMBUATAN SPP PT TASK 03  (OKY)', 'N', 'UNIT', 'TYPE : ES 5008 , DISCHARGE FLANGE : PN 40 ,DN 50 ,SUCTION FLANGE PN 16 DN 80 ( UNIT POMPA SAJA )', 4, 200000),
('212005P068', 26530, 2, 5, 'POMPA AIR 1.5 KW GRUNDFOS', '(KOBAR LAMA = 21250086)  TGL 28-01-2019 : REQUEST - PEMBUATAN SPP PT WSSL 02 (SARWANI)', 'N', 'UNIT', 'MODEL CMB 5-28', 4, 200000),
('212005P069', 26655, 2, 5, 'POMPA KEW PUMP KS-SE3 SEL-100', '(KOBAR LAMA = 21250087)  TGL 22-02-2019 : REQUEST - PEMBUATAN SPP PT TASK 03 (OKI)', 'N', 'UNIT', 'TYPE : KS SE3 SEL 100 CW ELMO 18.5 KW , 3 PHASE ,50 HZ BASE PLATE CON WITCH FCL COUPLING', 4, 200000),
('212005P070', 26656, 2, 5, 'POMPAKEW PUMP KS-BO 50-165F', '(KOBAR LAMA = 21250088)  TGL 22-02-2019 : REQUEST - PEMBUATAN SPP PT TASK 03 (OKI)', 'N', 'UNIT', 'TYPE : KS BO TYPE : 50 -165 F , CW ELMO 5.5 KW , 1500 RPM , 3 PHASE , FREQUENCY 50 / 60 HZ ( KATALOG', 4, 200000),
('212005P071', 28039, 2, 5, 'POMPA UDARA', '(KOBAR LAMA = 21250089)  TGL 10-01-2020 : REQUEST - PEMBUATAN SPP PT SCP 02 (SUPRIADI)', 'N', 'UNIT', 'TYPE : KS BO TYPE : 50 -165 F , CW ELMO 5.5 KW , 1500 RPM , 3 PHASE , FREQUENCY 50 / 60 HZ ( KATALOG', 4, 200000),
('212005P072', 28082, 2, 5, 'POMPA SPECK PUMP MODEL ES 6507', '(KOBAR LAMA = 21250090)  TGL 23-01-2020 : REQUEST - PEMBUATAN SPP PT SCP 01 (JOY)', 'N', 'UNIT', 'TYPE : KS BO TYPE : 50 -165 F , CW ELMO 5.5 KW , 1500 RPM , 3 PHASE , FREQUENCY 50 / 60 HZ ( KATALOG', 4, 200000),
('212005P073', 28290, 2, 5, 'POMPA AIR RISON 24V DC + WATER PUMP', '(KOBAR LAMA = 21250091)  TGL 14-03-2020 : REQUEST - PEMBUATAN SPP PT TASK 01 (EDY)', 'N', 'UNIT', 'POMPA CELUP AKUARIUM', 4, 200000),
('212005P074', 28602, 2, 5, 'POMPA AIR + TENAGA SURYA', '(KOBAR LAMA = 21250093)  TGL 30-04-2020 : REQUEST - PEMBUATAN SPP PT TASK 01 (EDY ARWIN)', 'N', 'SET', 'POMPA CELUP AKUARIUM', 4, 200000),
('212005P075', 29104, 2, 5, 'POMPA KEW PUMP KS-SE3 SES-40', 'REQUEST - BPK GEDE (TASK 01 FAC) - 14/09/2020', 'N', 'UNIT', 'POMPA CELUP AKUARIUM', 4, 200000),
('212005P076', 29105, 2, 5, 'POMPA KEW PUMP KS-SE2 SEP-80', 'REQUEST - BPK GEDE (TASK 01 FAC) - 14/09/2020', 'N', 'UNIT', 'POMPA CELUP AKUARIUM', 4, 200000),
('212005P077', 29106, 2, 5, 'POMPA KEW PUMP KS-MF MF 250-SF', 'REQUEST - BPK. GEDE (TASK 01 FAC) - 15/09/2020', 'N', 'UNIT', 'POMPA CELUP AKUARIUM', 4, 200000),
('212005P078', 29710, 2, 5, 'POMPA PROMINENT PUMP S1BAH 07065 PVT', 'REQUEST - BPK. GEDE (TASK 01 FAC) - 15/09/2021', 'N', 'UNIT', 'MERK : PROMINENT - MAX CAP. : 65 LTR / HOUR, MAX PRESSURE : 7 BAR', 4, 200000),
('212005P079', 29745, 2, 5, 'POMPA SIHI HEGA 050064', '(KOBAR LAMA = 21250096)  TGL 14-01-2021 : REQUEST - PEMBUATAN SPP PT BJAP 01 (MULYANA)', 'N', 'UNIT', 'MERK : SIHI HEGA - CAP : 58.5 M3 / HOUR, HEAD : 360 MTR, SPEED : 2900 MIN, UNIT PUMP ONLY', 4, 200000),
('212005P080', 29973, 2, 5, 'POMPA STEAM C/W ENGINE', 'REQUEST TGL : 22 FEBRUARI 2021 - PT. WSSL 01 (HARIADI PURCHASING)', 'N', 'UNIT', 'TYPE : SCN 20', 4, 200000),
('212005P081', 30053, 2, 5, 'POMPA NS-50', '(KOBAR LAMA = 21250097)  TGL 18-03-2021 : REQUEST - PEMBUATAN SPP PT SCP 01 (EDY CHANDRA)', 'N', 'UNIT', 'SIZE : 2\" - RRT', 4, 200000),
('212005P082', 30057, 2, 5, 'POMPA CENTRIFUGAL DISCHARGE / SUCTION 80-100', 'REQUEST TGL : 20 MARET 2021 - PT. WSSL 01 (HARIADI)', 'N', 'UNIT', 'TYPE : CKN 80, SUCTION : 100MM, DISCHARGE : 80MM, MATERIAL DESIGN : CASING / IMPELLER / SHAFT = SSCA', 4, 200000),
('212005P083', 30498, 2, 5, 'POMPA PASIR 4\"', 'REQUEST TGL 7 MEI 2021 - PT. WSSL 01 (LILY)', 'N', 'UNIT', 'C/W ELECTROMOTOR 22KW, 1500 RPM', 4, 200000),
('212005P084', 30557, 2, 5, 'POMPA SPRAYER ELECTRIC', 'REQUEST TGL 20 MEI 2021 - PT. WSSL 01 (HARIADI)', 'N', 'UNIT', '100 PSI, 60 W, POWER : 12 V, 5 AMPERE - INCLUDE DINAMO POMPA', 4, 200000),
('212005P085', 30570, 2, 5, 'POMPA SUBMERSIBLE DEEP WELL PUMP', 'REQUEST TGL 28 MEI 2021 - PT. WSSL 01 (HARIADI)', 'N', 'UNIT', 'SP 9-18, CAP : 9.5 M3/JAM, TOTAL HEAD : 92MTR, PUMP MERK : GRUNDFOS, 3 PHASE, 380/415 V, 50HZ, 2 POL', 4, 200000),
('212005P086', 30590, 2, 5, 'POMPA NS-100', 'REQUEST TGL 4 JUNI 2021 - PT. HMBP 02 (SUBUR)', 'N', 'UNIT', 'SIZE : 4\" - RRT', 4, 200000),
('212005R001', 28967, 2, 1, 'ROOT BLOWER PUMP', '(KOBAR LAMA = 21250095)  TGL 22-07-2020 : REQUEST - PEMBUATAN SPP PT SCP 01 (JOY)', 'N', 'UNIT', 'G-65 5.5KW, MAIN BLOWER, MOTOR, INLET SILENCER, AIR FILTER, OUTLET SILENCER, COMMON BASE, BELT COVER', 4, 200000),
('212005W001', 23861, 2, 1, 'WATERAX MINI STRIKER', '(KOBAR LAMA = 21250080)  TGL 11-07-2017 : REQUEST - PEMBUATAN SPP PT HMBP 01 (SETIAWAN)', 'N', 'UNIT', 'G-65 5.5KW, MAIN BLOWER, MOTOR, INLET SILENCER, AIR FILTER, OUTLET SILENCER, COMMON BASE, BELT COVER', 4, 200000),
('212007D001', 135, 2, 1, 'DECK MODULE J311 C/W SUPPORT BEAM', '(KOBAR LAMA = 21270004)', 'N', 'UNIT', 'SERI :AMT 60/H/2007,J311 12X3 MTR', 4, 200000),
('212007I001', 136, 2, 1, 'IMPORT PORTION AVERY BERKEL WEIGHTBRIDGE', '(KOBAR LAMA = 21270003)', 'N', 'SET', 'SERI :AMT 60/H/2007,J311 12X3 MTR', 4, 200000),
('212007J001', 137, 2, 1, 'JEMBATAN TIMBANG KAPASITAS 50 TON', '(KOBAR LAMA = 21270001)', 'N', 'UNIT', 'WEIGHT TRONIX, TYPE : J311, KAPASITAS : 50 TON C/W AKSESORIES, MERK : AVERY', 4, 200000),
('212007J002', 138, 2, 1, 'JUNCTION BOX 4 HOLE - WB J311', '(KOBAR LAMA = 21270007)', 'N', 'PCS', 'WEIGHT TRONIX, TYPE : J311, KAPASITAS : 50 TON C/W AKSESORIES, MERK : AVERY', 4, 200000),
('212007L001', 139, 2, 1, 'LOCAL PORTION AVERY BERKEL WEIGHTBRIDGE', '(KOBAR LAMA = 21270002)', 'N', 'SET', 'WEIGHT TRONIX, TYPE : J311, KAPASITAS : 50 TON C/W AKSESORIES, MERK : AVERY', 4, 200000),
('212007M001', 29733, 2, 1, 'MAIN BEAM J311', '(KOBAR LAMA = 21270008)  TGL 11-01-2021 : REQUEST - PEMBUATAN SPP PT TASK 01  (GEDE)', 'N', 'PCS', 'J311', 4, 200000),
('212007P001', 140, 2, 1, 'PLATE PONDASI JEMBATAN - WB J311', '(KOBAR LAMA = 21270006)', 'N', 'PCS', 'C/W SUPPORT PLATE FOR L/C 12 X 125 X 125, SHIM PLATE 6 X 50 X 80, SHIM PLATE T302X, BUMPER STOP PLAT', 4, 200000),
('212007T001', 141, 2, 1, 'TRANSOM MODULE C/W SUPPORT BEAM', '(KOBAR LAMA = 21270005)', 'N', 'UNIT', 'SERI:AMT 60/H/2007,J311 12X13 MTR', 4, 200000),
('212007T002', 30100, 2, 1, 'TIMBANGAN KERNEL KAP. 3 TON', 'REQUEST TGL 29 MARET 2021 - PT BJAP 1 (MULYANA)', 'N', 'UNIT', 'WEIGHING INDICATOR CAS CI-605A, LOAD CELL PANCAKE MK RTN KAPASITAS 2.2 TON (4 UNIT), PANEL CONTROL F', 4, 200000),
('212007W002', 30897, 2, 1, 'WEIGHBRIDGE PLATFORM STRUCTURE', 'REQUEST TGL 10 SEPTEMBER 2021 - PT. WSSL 01 (HARIADI)', 'N', 'UNIT', 'PLATFORM STRUKTUR JEMBATAN TIMBANG TYPE : J 311', 4, 200000),
('212008D001', 20334, 2, 1, 'DINAMO LISTRIK 3 KW', '(KOBAR LAMA = 21280020)  ', 'N', 'UNIT', 'PLATFORM STRUKTUR JEMBATAN TIMBANG TYPE : J 312', 4, 200000),
('212008D002', 20335, 2, 1, 'DINAMO LISTRIK 5 KW', '(KOBAR LAMA = 21280021)  ', 'N', 'UNIT', 'PLATFORM STRUKTUR JEMBATAN TIMBANG TYPE : J 313', 4, 200000),
('212008D003', 20336, 2, 1, 'DINAMO LISTRIK 7,5 KW', '(KOBAR LAMA = 21280022)  ', 'N', 'UNIT', 'PLATFORM STRUKTUR JEMBATAN TIMBANG TYPE : J 314', 4, 200000),
('212008D004', 20337, 2, 1, 'DINAMO LISTRIK 10 KW', '(KOBAR LAMA = 21280023)  ', 'N', 'UNIT', 'PLATFORM STRUKTUR JEMBATAN TIMBANG TYPE : J 315', 4, 200000),
('212008D005', 20338, 2, 1, 'DINAMO LISTRIK 12 KW', '(KOBAR LAMA = 21280024)  ', 'N', 'UNIT', 'PLATFORM STRUKTUR JEMBATAN TIMBANG TYPE : J 316', 4, 200000),
('212008D006', 20339, 2, 1, 'DINAMO LISTRIK 15 KW', '(KOBAR LAMA = 21280025)  ', 'N', 'UNIT', '3 PHASE, FULL TEMBAGA, NON AVR, MERK : SPECTEC', 4, 200000),
('212008D007', 20340, 2, 1, 'DINAMO LISTRIK 18 KW', '(KOBAR LAMA = 21280036)  ', 'N', 'UNIT', '4 PHASE, FULL TEMBAGA, NON AVR, MERK : SPECTEC', 4, 200000),
('212008D008', 20341, 2, 1, 'DINAMO LISTRIK 20 KW', '(KOBAR LAMA = 21280026)  ', 'N', 'UNIT', '3 PHASE , 20 KVA, FULL TEMBAGA, MERK : ADK', 4, 200000),
('212008D009', 20342, 2, 1, 'DINAMO LISTRIK 24 KW', '(KOBAR LAMA = 21280027)  ', 'N', 'UNIT', '3 PHASE - ALTERNATOR / GENERATOR, FULL TEMBAGA, NON AVR', 4, 200000),
('212008D010', 20343, 2, 1, 'DINAMO LISTRIK 30 KW', '(KOBAR LAMA = 21280028)  ', 'N', 'UNIT', '3 PHASE AVR, 31.5 KVA, SINGLE BEARING', 4, 200000),
('212008D011', 20344, 2, 1, 'DINAMO LISTRIK 40 KW', '(KOBAR LAMA = 21280029)  ', 'N', 'UNIT', 'RRT', 4, 200000),
('212008D012', 20345, 2, 1, 'DINAMO LISTRIK 50 KW', '(KOBAR LAMA = 21280030)  ', 'N', 'UNIT', 'RRT', 4, 200000);
INSERT INTO `barang` (`kode_brg`, `id_ms_brg`, `kat_brg`, `gol_brg`, `nama_brg`, `ket_brg`, `jenis_brg`, `satuan_brg`, `spek_brg`, `qty_brg`, `harga_brg`) VALUES
('212008D013', 20346, 2, 1, 'DINAMO LISTRIK 68 KW (85 KVA)', '(KOBAR LAMA = 21280031)  ', 'N', 'UNIT', 'RRT', 4, 200000),
('212008D014', 20347, 2, 1, 'DINAMO LISTRIK 80 KW (100 KVA)', '(KOBAR LAMA = 21280032)  ', 'N', 'UNIT', '100 KVA (80KW) (AVR) - SINGLE BEARING, MERK : SPECTEC', 4, 200000),
('212008M001', 142, 2, 1, 'MESIN TEMPEL (OUTBOARD MOTOR) 25 HP', '(KOBAR LAMA = 21280014)', 'N', 'UNIT', '101 KVA (80KW) (AVR) - SINGLE BEARING, MERK : SPECTEC', 4, 200000),
('212008M002', 143, 2, 1, 'MESIN TEMPEL (OUTBOARD MOTOR) 40 HP', '(KOBAR LAMA = 21280015)', 'N', 'UNIT', '102 KVA (80KW) (AVR) - SINGLE BEARING, MERK : SPECTEC', 4, 200000),
('212008M003', 144, 2, 1, 'MESIN TEMPEL (OUTBOARD MOTOR) 115 HP', '(KOBAR LAMA = 21280016)', 'N', 'UNIT', '103 KVA (80KW) (AVR) - SINGLE BEARING, MERK : SPECTEC', 4, 200000),
('212008M004', 145, 2, 1, 'MESIN DONGFENG R175A', '(KOBAR LAMA = 21280001)', 'N', 'UNIT', '104 KVA (80KW) (AVR) - SINGLE BEARING, MERK : SPECTEC', 4, 200000),
('212008M005', 146, 2, 1, 'MESIN DONGFENG R180', '(KOBAR LAMA = 21280002)', 'N', 'UNIT', 'MODEL : R 180 NL , DAYA : 8 HP ( 5, 97 KW ) RPM : 2600, WEIGHT : 87 KG', 4, 200000),
('212008M006', 147, 2, 1, 'MESIN DONGFENG R185', '(KOBAR LAMA = 21280033)', 'N', 'UNIT', 'MODEL : R 180 NL , DAYA : 8 HP ( 5, 97 KW ) RPM : 2600, WEIGHT : 87 KG', 4, 200000),
('212008M007', 148, 2, 1, 'MESIN DONGFENG S195', '(KOBAR LAMA = 21280034)', 'N', 'UNIT', 'MODEL : R 180 NL , DAYA : 8 HP ( 5, 97 KW ) RPM : 2600, WEIGHT : 87 KG', 4, 200000),
('212008M008', 149, 2, 1, 'MESIN DONGFENG S1100', '(KOBAR LAMA = 21280003)', 'N', 'UNIT', 'S1100 - 16 HP / 16 PK', 4, 200000),
('212008M009', 150, 2, 1, 'MESIN DONGFENG S1110', '(KOBAR LAMA = 21280004)', 'N', 'UNIT', 'S1100 - 16 HP / 16 PK', 4, 200000),
('212008M010', 151, 2, 1, 'MESIN DONGFENG S1115', '(KOBAR LAMA = 21280005)', 'N', 'UNIT', 'S1100 - 16 HP / 16 PK', 4, 200000),
('212008M011', 152, 2, 1, 'MESIN DONGFENG S1125', '(KOBAR LAMA = 21280035)', 'N', 'UNIT', 'S1100 - 16 HP / 16 PK', 4, 200000),
('212008M012', 153, 2, 2, 'MESIN DONGFENG S1130', '(KOBAR LAMA = 21280006)', 'N', 'UNIT', 'S1100 - 16 HP / 16 PK', 4, 200000),
('212008M013', 154, 2, 2, 'MESIN MITSUBISHI 4D31', '(KOBAR LAMA = 21280007)', 'N', 'UNIT', '30 KVA, 4 SILINDER', 4, 200000),
('212008M014', 155, 2, 2, 'MESIN MITSUBISHI 4D32', '(KOBAR LAMA = 21280008)', 'N', 'UNIT', '30 KVA, 4 SILINDER', 4, 200000),
('212008M015', 156, 2, 2, 'MESIN MITSUBISHI 6D15', '(KOBAR LAMA = 21280018)', 'N', 'UNIT', '31 KVA, 4 SILINDER', 4, 200000),
('212008M016', 19760, 2, 2, 'MESIN YANMAR TF105', '(KOBAR LAMA = 21280009)  ', 'N', 'UNIT', 'TF105', 4, 200000),
('212008M017', 19761, 2, 2, 'MESIN YANMAR TF135', '(KOBAR LAMA = 21280010)  ', 'N', 'UNIT', 'TF135', 4, 200000),
('212008M018', 19762, 2, 2, 'MESIN YANMAR TS230', '(KOBAR LAMA = 21280011)  ', 'N', 'UNIT', 'TS230', 4, 200000),
('212008M019', 19763, 2, 2, 'MESIN YANMAR TS55H', '(KOBAR LAMA = 21280012)  ', 'N', 'UNIT', 'TS55H', 4, 200000),
('212008M020', 20387, 2, 2, 'MESIN YANMAR TF300', '(KOBAR LAMA = 21280047)  TGL 03-07-2014 : REQUEST - PEMBUATAN SPP PT HMBP 2 EST (SANTO)', 'N', 'UNIT', 'TF300', 4, 200000),
('212008M021', 20952, 2, 2, 'MESIN KUBOTA KND-250', '(KOBAR LAMA = 21280048)  TGL 22-10-2014 : REQUEST - PEMBUATAN SPP PT TASK 1 (SUPRAPTO)', 'N', 'UNIT', 'TF301', 4, 200000),
('212008M022', 21375, 2, 2, 'MESIN YAMAMOTO 17HP', '(KOBAR LAMA = 21280037)  MESIN DIESEL KAPASITAS 17 HPTGL 20-03-2015 : REQUEST - PEMBUATAN SPP BEST (SURURI)', 'N', 'UNIT', 'TF302', 4, 200000),
('212008M023', 21376, 2, 2, 'MESIN YAMAMOTO 20HP', '(KOBAR LAMA = 21280038)  MESIN DIESEL KAPASITAS 20 HPTGL 20-03-2015 : REQUEST - PEMBUATAN SPP BEST (SURURI)', 'N', 'UNIT', 'TF303', 4, 200000),
('212008M024', 21998, 2, 2, 'MESIN ROBIN EY-15', '(KOBAR LAMA = 21250074)  TGL 15-09-2015 : REQUEST - PEMBUATAN SPP PT BEST (SURURI)', 'N', 'UNIT', 'TF304', 4, 200000),
('212008M025', 21999, 2, 2, 'MESIN ROBIN EY-20', '(KOBAR LAMA = 21250075)  TGL 15-09-2015 : REQUEST - PEMBUATAN SPP PT BEST (SURURI)', 'N', 'UNIT', 'C/W POMPA ROBIN RTG 300LH', 4, 200000),
('212008M026', 22000, 2, 2, 'MESIN ROBIN EY-30', '(KOBAR LAMA = 21250076)  TGL 15-09-2015 : REQUEST - PEMBUATAN SPP PT BEST (SURURI)', 'N', 'UNIT', 'C/W POMPA ROBIN RTG 300LH', 4, 200000),
('212008M027', 22108, 2, 2, 'MESIN YAMAMOTO 16 HP', '(KOBAR LAMA = 21280017)  MESIN DIESEL KAPASITAS 16 HPTGL 05-11-2015 : REQUEST - PEMBUATAN SPP PT KLS (SUBUR)', 'N', 'UNIT', 'C/W POMPA ROBIN RTG 300LH', 4, 200000),
('212008P001', 157, 2, 2, 'POMPA AIR 1\"', '(KOBAR LAMA = 21280040)', 'N', 'UNIT', 'MERK : SANYO', 4, 200000),
('212008P002', 158, 2, 2, 'POMPA AIR 2\"', '(KOBAR LAMA = 21280041)', 'N', 'UNIT', 'MERK: SHIMITZU', 4, 200000),
('212008P003', 159, 2, 2, 'POMPA AIR 3\"', '(KOBAR LAMA = 21280042)', 'N', 'UNIT', 'MODEL : NS 80 (3?)', 4, 200000),
('212008P004', 160, 2, 2, 'POMPA AIR 4\"', '(KOBAR LAMA = 21280043)', 'N', 'UNIT', 'MODEL : NS 100 (4?)', 4, 200000),
('212008P005', 161, 2, 2, 'POMPA AIR 6\"', '(KOBAR LAMA = 21280044)', 'N', 'UNIT', 'MODEL : NS 100 (4?)', 4, 200000),
('212008P006', 162, 2, 2, 'POMPA AIR 8\"', '(KOBAR LAMA = 21280045)', 'N', 'UNIT', 'MODEL : NS 100 (4?)', 4, 200000),
('212008P007', 163, 2, 2, 'POMPA ROBIN EY-15', '(KOBAR LAMA = 21250017)', 'N', 'UNIT', 'MODEL : NS 100 (4?)', 4, 200000),
('212008P008', 164, 2, 2, 'POMPA ROBIN EY-20', '(KOBAR LAMA = 21250018)', 'N', 'UNIT', 'ENGINE ONLY', 4, 200000),
('212008P009', 20379, 2, 2, 'POMPA AIR 5\"', '(KOBAR LAMA = 21280046)  TGL 28-06-2014 : REQUEST - PEMBUATAN SPP (JOY)', 'N', 'UNIT', 'ENGINE ONLY', 4, 200000),
('212008P010', 24146, 2, 2, 'POMPA AIR 16\"', '(KOBAR LAMA = 21280049)  TGL 25-08-2017 : REQUEST - PEMBUATAN SPP PT HMBP 02 (DARMA)', 'N', 'PCS', 'ENGINE ONLY', 4, 200000),
('212008P011', 24337, 3, 2, 'POMPA PEMADAM ROBIN ONGA', '(KOBAR LAMA = 21250019)  TGL 21-10-2017 : REQUEST - PEMBUATAN SPP PT HMBP 01 (PUJI)', 'N', 'UNIT', 'ENGINE ONLY', 4, 200000),
('231001B001', 165, 3, 2, 'BRANKAS BESI', '(KOBAR LAMA = 23200021)', 'N', 'UNIT', 'ENGINE ONLY', 4, 200000),
('231001C001', 166, 3, 2, 'CASH BOX', '(KOBAR LAMA = 23200022)', 'N', 'PCS', 'ENGINE ONLY', 4, 200000),
('231001F001', 167, 3, 2, 'FILLING CABINET 2 LACI', '(KOBAR LAMA = 23400035)', 'N', 'PCS', 'ENGINE ONLY', 4, 200000),
('231001F002', 168, 3, 2, 'FILLING CABINET 3 LACI', '(KOBAR LAMA = 23400079)', 'N', 'PCS', 'ENGINE ONLY', 4, 200000),
('231001F003', 169, 3, 2, 'FILLING CABINET 4 LACI', '(KOBAR LAMA = 23400036)', 'N', 'PCS', 'FL 1784 UK. 48 X 59 X 141 GREY HIGH POINT', 4, 200000),
('231001K001', 170, 3, 2, 'KURSI KERJA DIREKSI', '(KOBAR LAMA = 23400029)', 'N', 'PCS', 'CHAIR BLACK UPTOWN', 4, 200000),
('231001K002', 171, 3, 2, 'KURSI KERJA MANAGER', '(KOBAR LAMA = 23400030)', 'N', 'PCS', 'D680 KAKI ALUMINIUM, HITAM OSCAR INDACHI', 4, 200000),
('231001K003', 172, 3, 2, 'KURSI KERJA KARYAWAN', '(KOBAR LAMA = 23400031)', 'N', 'PCS', 'KAIN HITAM HP-02 HIGH POINT', 4, 200000),
('231001L001', 173, 3, 3, 'LEMARI FILE', '(KOBAR LAMA = 23400037)', 'N', 'PCS', 'ST 341A HIGH POINT', 4, 200000),
('231001L002', 174, 3, 3, 'LEMARI LOCKER', '(KOBAR LAMA = 23400038)', 'N', 'PCS', 'B705 BROTHER', 4, 200000),
('231001L003', 175, 3, 3, 'LEMARI KACA', '(KOBAR LAMA = 23400075)', 'N', 'UNIT', '2 PINTU', 4, 200000),
('231001L004', 176, 3, 3, 'LACI MEJA SORONG', '(KOBAR LAMA = 23400034)', 'N', 'SET', '3 PINTU', 4, 200000),
('231001M001', 177, 3, 3, 'MEJA KERJA 1/2 BIRO', '(KOBAR LAMA = 23400026)', 'N', 'PCS', 'UK 120 X 74 X 75 GREY OD 082 HIGH POINT', 4, 200000),
('231001M002', 178, 3, 3, 'MEJA KERJA 1 BIRO', '(KOBAR LAMA = 23400027)', 'N', 'PCS', 'GREY + LACI GANTUNG 150 X 70 X 73 KN420 KONY', 4, 200000),
('231001M003', 179, 3, 3, 'MEJA KOMPUTER', '(KOBAR LAMA = 23400028)', 'N', 'PCS', 'GREY CD800 HIGH POINT', 4, 200000),
('231001M004', 180, 3, 3, 'MEJA KECIL', '(KOBAR LAMA = 23400059)', 'N', 'PCS', 'BAHAN KAYU MEJA SUDUT SOFA', 4, 200000),
('231001M005', 181, 3, 3, 'MEJA MEETING', '(KOBAR LAMA = 23400083)', 'N', 'PCS', 'RECT MTG TBL 3116 IW SIEBEN', 4, 200000),
('231001R001', 182, 3, 3, 'RAK BESI SET', '(KOBAR LAMA = 23400056)', 'N', 'SET', 'RECT MTG TBL 3116 IW SIEBEN', 4, 200000),
('231002A001', 183, 3, 3, 'ALAT CETAK HURUF DYMO', '(KOBAR LAMA = 23200023)', 'N', 'UNIT', 'DYMO 1610', 4, 200000),
('231002A002', 184, 3, 3, 'ALAT PENOMERAN INVENTARIS', '(KOBAR LAMA = 23200024)', 'N', 'SET', 'DYMO 1611', 4, 200000),
('231002A003', 28893, 3, 3, 'ACCESS DOOR LOCK', '(KOBAR LAMA = 23200052)  TGL 14-07-2020 : REQUEST - PEMBUATAN SPP PT WSSL 01 (ENDANG HRD)', 'N', 'UNIT', 'DYMO 1612', 4, 200000),
('231002A004', 29039, 3, 3, 'AKSESORIS KAMERA', '(KOBAR LAMA = 23200054)  TGL 21-08-2020 : REQUEST - PEMBUATAN SPP PT WSSL 01 (SURYA)', 'N', 'SET', 'DYMO 1613', 4, 200000),
('231002B001', 22006, 3, 3, 'BARCODE SCANNER', '(KOBAR LAMA = 2320203)  TGL 17-09-2015 : REQUEST - PEMBUATAN SPP PT BJAP 1 (NURDIN -TAX)', 'N', 'UNIT', 'BS-400 SOLUTION', 4, 200000),
('231002C001', 24001, 3, 3, 'CONTROLLER ACCESS POINT', '(KOBAR LAMA = 23200036)  TGL 28-07-2017 : REQUEST - PEMBUATAN SPP PT WSSL (LINA TIS)', 'N', 'UNIT', 'AB13 IP-COM CW500 ACCESS CONTROLLER 5 GE LAN PORTS', 4, 200000),
('231002C002', 27252, 3, 3, 'CHECK POINT TAG', '(KOBAR LAMA = 23200046)  TGL 22-07-2019 : REQUEST - PEMBUATAN SPP PT WSSL 01 (GOLDWAN)', 'N', 'PCS', 'MERK AMANO (ALAT PATROLI KELILING)', 4, 200000),
('231002C003', 28864, 3, 3, 'CAMERA TRAP', '(KOBAR LAMA = 23200051)  TGL 08-07-2020 : REQUEST - PEMBUATAN SPP PT WSSL 01 (ENDANG HRD)', 'N', 'UNIT', 'MERK AMANO (ALAT PATROLI KELILING)', 4, 200000),
('231002D001', 185, 3, 3, 'DIGITAL CAMERA', '(KOBAR LAMA = 23100011)', 'N', 'UNIT', 'SET INCLUDE:- 1 UNIT WATERPROOF EXTRA- 1 UNIT MICRO SD 64GB- 1 UNIT CHARGER DUAL- 1 UNIT HANDBOBBER-', 4, 200000),
('231002D002', 186, 3, 3, 'DIGITAL VIDEO CAMERA', '(KOBAR LAMA = 23100012)', 'N', 'UNIT', 'SET INCLUDE:- 1 UNIT WATERPROOF EXTRA- 1 UNIT MICRO SD 64GB- 1 UNIT CHARGER DUAL- 1 UNIT HANDBOBBER-', 4, 200000),
('231002D003', 187, 3, 3, 'DIGITAL AERIAL CAMERA', '(KOBAR LAMA = 23100055)', 'N', 'UNIT', 'SET INCLUDE:- 1 UNIT WATERPROOF EXTRA- 1 UNIT MICRO SD 64GB- 1 UNIT CHARGER DUAL- 1 UNIT HANDBOBBER-', 4, 200000),
('231002D004', 22048, 3, 3, 'DRONE (FLYING CAMERA)', '(KOBAR LAMA = 23100064)  TGL 08-10-2015 : REQUEST - PEMBUATAN SPP PT WSSL 1 (SURYA)', 'N', 'UNIT', 'INCLUDED 3 BATERRY , 1 SET DRONE 1 TAS MAVIC PRO COMBO DJI', 4, 200000),
('231002H001', 188, 3, 3, 'HANDYCAM', '(KOBAR LAMA = 23100013)', 'N', 'UNIT', 'EPTS 1000 - T1 SERIES', 4, 200000),
('231002H002', 28879, 3, 3, 'HAND BOBBER', '(KOBAR LAMA = 23100076)  TGL 08-07-2020 : REQUEST - PEMBUATAN SPP PT BJAP 03 (ARY)', 'N', 'PCS', 'HAND BOBBER', 4, 200000),
('231002I001', 24276, 3, 3, 'IPAD MINI ', '(KOBAR LAMA = 23200041)  TGL 25-09-2017 : REQUEST - PEMBUATAN SPP PT WSSL 01 (ANDRE)', 'N', 'UNIT', 'HAND BOBBER', 4, 200000),
('231002I002', 29247, 3, 3, 'ISOLATION TRANSFORMER TRAVO', '(KOBAR LAMA = 23200055)  TGL 07-10-2020 : REQUEST - PEMBUATAN SPP PT WSSL 01 (RONY ROY)', 'N', 'SET', 'ITX 2000 VA TRAFO PENURUN GROUNDING - LAPLACE', 4, 200000),
('231002K001', 189, 3, 3, 'KOMPUTER DESKTOP', '(KOBAR LAMA = 23200002)', 'N', 'UNIT', 'I5 PC INTEL CORE I5-4150 (3.4 GHZ) 1150 BOX, MOTHERBOARD ASUS H81 SOCKET 1150, MEMORY 4GB / 10600 VG', 4, 200000),
('231002K002', 190, 3, 3, 'KOMPUTER SERVER', '(KOBAR LAMA = 23200003)', 'N', 'UNIT', 'INTEL XEON 10C/20T, RAM 32GB, SSD 480 GB, 4 TB SATA', 4, 200000),
('231002K003', 191, 3, 3, 'KOMPUTER TABLET', '(KOBAR LAMA = 23200004)', 'N', 'UNIT', 'INTEL XEON 10C/20T, RAM 32GB, SSD 480 GB, 4 TB SATA', 4, 200000),
('231002M001', 192, 3, 3, 'MESIN ABSENSI', '(KOBAR LAMA = 23200001)', 'N', 'UNIT', 'X100 C SOLUTION', 4, 200000),
('231002M002', 193, 3, 4, 'MESIN FOTOCOPY', '(KOBAR LAMA = 23200009)', 'N', 'UNIT', 'X100 C SOLUTION', 4, 200000),
('231002M003', 194, 3, 4, 'MESIN KETIK', '(KOBAR LAMA = 23200010)', 'N', 'UNIT', 'X100 C SOLUTION', 4, 200000),
('231002M004', 195, 3, 4, 'MESIN LAMINATING', '(KOBAR LAMA = 23200011)', 'N', 'UNIT', 'A3 F9013 KRISBOW', 4, 200000),
('231002M005', 196, 3, 4, 'MESIN PENGHANCUR KERTAS', '(KOBAR LAMA = 23200012)', 'N', 'UNIT', 'TYPE : 40304 DAHLE', 4, 200000),
('231002M006', 197, 3, 4, 'MESIN PENGHITUNG UANG', '(KOBAR LAMA = 23200013)', 'N', 'UNIT', 'LD10VM PROMAXI', 4, 200000),
('231002M007', 198, 3, 4, 'MESIN STENSIL SHEET', '(KOBAR LAMA = 23200014)', 'N', 'UNIT', 'LD10VM PROMAXI', 4, 200000),
('231002M008', 23602, 3, 4, 'MESIN JILID KERTAS', '(KOBAR LAMA = 23200033)  TGL 02-03-2017 : REQUEST - PEMBUATAN SPP PT HMBP 01  (SETIAWAN)', 'N', 'UNIT', 'LD10VM PROMAXI', 4, 200000),
('231002M009', 23603, 3, 4, 'MESIN PEMOTONG KERTAS', '(KOBAR LAMA = 23200034)  TGL 02-03-2017 : REQUEST - PEMBUATAN SPP PT HMBP 01  (SETIAWAN)', 'N', 'UNIT', 'JOYKO PAPER CUTTER', 4, 200000),
('231002M010', 24569, 3, 4, 'MESIN PRESS PLASTIK', '(KOBAR LAMA = 23200042)  TGL 20-12-2017 : REQUEST - PEMBUATAN SPP PT WSSL 02 (RONI ROY)', 'N', 'UNIT', 'JOYKO PAPER CUTTER', 4, 200000),
('231002M011', 25742, 3, 4, 'MESIN GUARD PATROL', '(KOBAR LAMA = 23200044)  TGL 19-09-2018 : REQUEST - PEMBUATAN SPP PT WSSL 01 (HERMAN - TIS)', 'N', 'UNIT', 'FINGER PRINT GUARD TOUR READER JWM 5000X', 4, 200000),
('231002N001', 199, 3, 4, 'NOTEBOOK', '(KOBAR LAMA = 23200005)', 'N', 'UNIT', 'I5 4GB SSD 256GB 14INCH WIN', 4, 200000),
('231002N002', 30737, 3, 4, 'NETWORK LINE PROTECTOR', 'REQUEST TGL 22 JULI 2021 - PT. WSSL 01 (SARWANI)', 'N', 'PCS', 'CONNECTOR PORT RJ45', 4, 200000),
('231002P001', 200, 3, 4, 'PRINTER', '(KOBAR LAMA = 23200006)', 'N', 'UNIT', 'PRINTER PORTABLE BLUETOOTH 5805 DD ZI JIANG', 4, 200000),
('231002P002', 201, 3, 4, 'PROJECTOR', '(KOBAR LAMA = 23200016)', 'N', 'UNIT', 'MC-EX303E MAXELL', 4, 200000),
('231002P003', 202, 3, 4, 'POWER SUPPLY 30A', '(KOBAR LAMA = 23800029)', 'N', 'PCS', '12V 30A', 4, 200000),
('231002P004', 203, 3, 4, 'POWER SUPPLY 40A', '(KOBAR LAMA = 23800030)', 'N', 'PCS', '12V 30A', 4, 200000),
('231002P005', 204, 3, 4, 'POWER SUPPLY 100A', '(KOBAR LAMA = 23800031)', 'N', 'PCS', 'TYPE S - 100 - 24 MEANWELL', 4, 200000),
('231002P006', 20133, 3, 4, 'POWER SUPPLY 150A', '(KOBAR LAMA = 23800069)  TGL 07-05-2014 : REQUEST - REALISASI SPP PT SCP NO. FAC/CAE/14/02/0157 (HARIADI)', 'N', 'PCS', 'TYPE S - 100 - 24 MEANWELL', 4, 200000),
('231002P007', 22505, 3, 4, 'POWER SUPPLY 250A', '(KOBAR LAMA = 37416007)  TGL 26-04-2016 : REQUEST -  PT WSSL 1 (MULYANA)', 'N', 'PCS', '12V 40A', 4, 200000),
('231002P008', 22656, 3, 4, 'POWER SUPPLY 50A', '(KOBAR LAMA = 23800073)  TGL 06-06-2016 : REQUEST - PEMBUATAN SPP PT WSSL 1 (NDANG HO)', 'N', 'PCS', 'OUT PUT 12 VDC ( NES 50 - 12 )', 4, 200000),
('231002P009', 23760, 3, 4, 'POWER SUPPLY S 240 - 24 DC', '(KOBAR LAMA = 23800077)  TGL 06-05-2017 : REQUEST - PEMBUATAN SPP PT WSSL 01 (MULYANA)                                                                                                                                                                                                                                                                                                                                                                                                                            ', 'N', 'PCS', 'OUT PUT 12 VDC ( NES 50 - 12 )', 4, 200000),
('231002P010', 24002, 3, 4, 'POWER INJECTOR', '(KOBAR LAMA = 23200037)  TGL 28-07-2017 : REQUEST - PEMBUATAN SPP PT WSSL (LINA TIS)', 'N', 'UNIT', 'OUT PUT 12 VDC ( NES 50 - 12 )', 4, 200000),
('231002P011', 29274, 3, 4, 'POWER DISTRIBUTION UNIT', '(KOBAR LAMA = 23200056)  TGL 17-10-2020 : REQUEST - PEMBUATAN SPP PT WSSL 01 (ANDRE TIS)', 'N', 'PCS', 'OUT PUT 12 VDC ( NES 50 - 12 )', 4, 200000),
('231002S001', 205, 3, 4, 'SCANNER', '(KOBAR LAMA = 23200007)', 'N', 'UNIT', 'DS 1630 EPSON', 4, 200000),
('231002S002', 206, 3, 4, 'STABILIZER VOLTAGE (STAVOLT)', '(KOBAR LAMA = 23400040)', 'N', 'PCS', '1000 VA MATSUMOTO', 4, 200000),
('231002S003', 24003, 3, 4, 'SWITCH MANAGEABLE 24 PORT', '(KOBAR LAMA = 23200038)  TGL 28-07-2017 : REQUEST - PEMBUATAN SPP PT WSSL (LINA TIS)', 'N', 'UNIT', '1001 VA MATSUMOTO', 4, 200000),
('231002S004', 24004, 3, 4, 'SWITCH MANAGEABLE 48 PORT', '(KOBAR LAMA = 23200039)  TGL 28-07-2017 : REQUEST - PEMBUATAN SPP PT WSSL (LINA TIS)', 'N', 'UNIT', 'SWITCH HUB 48 PORT, 10/100/1000 TPLINK T2600G-52TS', 4, 200000),
('231002T001', 207, 3, 4, 'TAPE RECORDER', '(KOBAR LAMA = 23200017)', 'N', 'UNIT', 'SWITCH HUB 48 PORT, 10/100/1000 TPLINK T2600G-52TS', 4, 200000),
('231002T002', 23393, 3, 4, 'TEROPONG BINOCULAR', '(KOBAR LAMA = 23200032)  TGL 09-02-2017 : REQUEST - PEMBUATAN SPP PT  SCP 02  (MISPAN)', 'N', 'UNIT', 'SWITCH HUB 48 PORT, 10/100/1000 TPLINK T2600G-52TS', 4, 200000),
('231002T003', 28907, 3, 4, 'THERMAL ACCESS CONTROL', '(KOBAR LAMA = 23200053)  TGL 18-07-2020 : REQUEST - PEMBUATAN SPP PT WSSL 01 (MULJADI)', 'N', 'UNIT', 'SWITCH HUB 48 PORT, 10/100/1000 TPLINK T2600G-52TS', 4, 200000),
('231002U001', 208, 3, 4, 'UPS & STABILIZER', '(KOBAR LAMA = 23400039)', 'N', 'UNIT', 'CT 1082 B ICA', 4, 200000),
('231002U002', 209, 3, 4, 'ULTRAVIOLET (UV) DETECTOR', '(KOBAR LAMA = 23200027)', 'N', 'UNIT', 'CT 1082 B ICA', 4, 200000),
('231002V001', 24418, 3, 4, 'VTOL DRONE', '(KOBAR LAMA = 23100068)  TGL 09-11-2017 : REQUEST - PEMBUATAN SPP PT WSSL 01 (AJENG)', 'N', 'UNIT', 'CT 1082 B ICA', 4, 200000),
('231002W001', 28956, 3, 4, 'WATERPROOF CASE ACTION CAMERA', '(KOBAR LAMA = 23100077)  TGL 20-07-2020 : REQUEST - PEMBUATAN SPP PT WSSL 01 (WAHYU TIS)', 'N', 'PCS', 'WATERPROOF CASE ACTION CAMERA', 4, 200000),
('231003C001', 210, 3, 4, 'CAMERA CCTV', '(KOBAR LAMA = 23200019)', 'N', 'UNIT', 'COOPER OUTDOOR 2MP HAC-B1A21 P DAHUA', 4, 200000),
('231003C002', 28144, 3, 4, 'CCTV SET', '(KOBAR LAMA = 23200047)  TGL 12-02-2020 : REQUEST - PEMBUATAN SPP PT WSSL 01 (GOLDWAN)', 'N', 'SET', 'SET DAHUA COOPER 8CH- DVR DAHUA SERIES COOPER 8CH XVR-1A08 = 1- KAMERA DAHUA COOPER HAC-B1A21 OUTDOO', 4, 200000),
('231003D001', 29908, 3, 4, 'DVR 16 CHANNEL', '(KOBAR LAMA = 23200057)  TGL 02-02-2021 : REQUEST - PEMBUATAN SPP PT WSSL 01 (SURYA)', 'N', 'UNIT', 'COOPER', 4, 200000),
('231003D002', 29909, 3, 4, 'DVR 4 CHANNEL', '(KOBAR LAMA = 23200058)  TGL 02-02-2021 : REQUEST - PEMBUATAN SPP PT WSSL 01 (SURYA)', 'N', 'UNIT', 'COOPER', 4, 200000),
('231003F001', 28442, 3, 4, 'FANEL S1550N', '(KOBAR LAMA = 23200048)  TGL 03-04-2020 : REQUEST - PEMBUATAN SPP PT BJAP 01 (NANANG)', 'N', 'PCS', 'COOPER', 4, 200000),
('231003F002', 28443, 3, 4, 'FANEL M1550N', '(KOBAR LAMA = 23200049)  TGL 03-04-2020 : REQUEST - PEMBUATAN SPP PT BJAP 01 (NANANG)', 'N', 'PCS', 'COOPER', 4, 200000),
('231003F003', 28444, 3, 4, 'FANEL DRIVE 1518N', '(KOBAR LAMA = 23200050)  TGL 03-04-2020 : REQUEST - PEMBUATAN SPP PT BJAP 01 (NANANG)', 'N', 'PCS', 'COOPER', 4, 200000),
('231003H001', 211, 3, 4, 'HT', '(KOBAR LAMA = 23300003)', 'N', 'UNIT', 'C/W BATT CADANGAN CP 1660 VHF MOTOROLA', 4, 200000),
('231003H002', 212, 3, 4, 'HANDPHONE', '(KOBAR LAMA = 23300006)', 'N', 'UNIT', 'REDMI 7 PRO 6 GB XIAOMI', 4, 200000),
('231003H003', 30758, 3, 4, 'HEADSET', 'REQUEST TGL 2 AGUSTUS 2021 - PT. WSSL 01 (GOLDWAN)', 'N', 'PCS', 'REDMI 7 PRO 6 GB XIAOMI', 4, 200000),
('231003M001', 213, 3, 4, 'MESIN FAKSIMILI', '(KOBAR LAMA = 23200008)', 'N', 'UNIT', 'REDMI 7 PRO 6 GB XIAOMI', 4, 200000),
('231003M002', 24092, 3, 4, 'MIXER AUDIO MUSIK SOUND SYSTEM', '(KOBAR LAMA = 23200040)  TGL 21-08-2017 : REQUEST - PEMBUATAN SPP PT WSSL 02 (ROY)', 'N', 'UNIT', '12 CHANNEL', 4, 200000),
('231003P001', 214, 3, 4, 'PABX', '(KOBAR LAMA = 23300004)', 'N', 'UNIT', '13 CHANNEL', 4, 200000),
('231003P002', 25859, 3, 4, 'POWER AMPLIFIER', '(KOBAR LAMA = 23100069)  TGL 15-10-2018 : REQUEST - PEMBUATAN SPP PT WSSL 01 (RONY ROY)', 'N', 'UNIT', '2000 WATT', 4, 200000),
('231003R001', 215, 3, 4, 'RADIO SSB', '(KOBAR LAMA = 23300001)', 'N', 'UNIT', '2001 WATT', 4, 200000),
('231003R002', 216, 3, 4, 'RADIO RIG', '(KOBAR LAMA = 23300002)', 'N', 'UNIT', 'YAESU FT2980, ANTENA V2R LOKAL, POWER SUPPLY MALDOL 40A, KABEL RG8 20 MTR, CONNECTOR AMPENOL 2 PCS', 4, 200000),
('231003R003', 217, 3, 4, 'REPEATER RADIO', '(KOBAR LAMA = 23300027)', 'N', 'SET', 'CDR 500 BOX ONLY', 4, 200000),
('231003S001', 218, 3, 4, 'SOUND SYSTEM SET', '(KOBAR LAMA = 23200018)', 'N', 'UNIT', 'COMPLETE SET UNTUK HIBURAN', 4, 200000),
('231003S002', 22454, 3, 4, 'SPEAKER', '(KOBAR LAMA = 23200031)  TGL 16-03-2016 : REQUEST - PEMBUATAN SPP PT WSSL 02 (RONY ROY)', 'N', 'UNIT', '18 INCH', 4, 200000),
('231003T001', 219, 3, 4, 'TELEPHONE', '(KOBAR LAMA = 23300005)', 'N', 'UNIT', '19 INCH', 4, 200000),
('231003T002', 220, 3, 5, 'TELEPHONE DSS', '(KOBAR LAMA = 23300013)', 'N', 'UNIT', '20 INCH', 4, 200000),
('231003T003', 23005, 3, 5, 'TOA AMPLIFIER ', '(KOBAR LAMA = 23100065)  TGL 21-10-2016 : REQUEST - PEMBUATAN SPP PT KLS (SUBUR)', 'N', 'UNIT', 'CORONG TOA ; AMPLI TOA ; MIC SHURE ; STAND PENDEK (SET)', 4, 200000),
('231003V001', 21154, 3, 5, 'VIDEO CONFERENCE', '(KOBAR LAMA = 23200030)  TGL 27-01-2015 : REQUEST - PEMBUATAN SPP HO (ALI-BNC)', 'N', 'SET', 'CORONG TOA ; AMPLI TOA ; MIC SHURE ; STAND PENDEK (SET)', 4, 200000),
('231003V002', 21890, 3, 5, 'VIDEO AMPLIFIER', '(KOBAR LAMA = 23100063)  TGL 07-08-2015 : REQUEST - PEMBUATAN SPP WSSL 1 (NDANG)', 'N', 'UNIT', 'CORONG TOA ; AMPLI TOA ; MIC SHURE ; STAND PENDEK (SET)', 4, 200000),
('231003W001', 221, 3, 5, 'WEB CAM', '(KOBAR LAMA = 23200020)', 'N', 'UNIT', 'CORONG TOA ; AMPLI TOA ; MIC SHURE ; STAND PENDEK (SET)', 4, 200000),
('231004A001', 222, 3, 5, 'AC SPLIT 1/2 PK', '(KOBAR LAMA = 23100001)', 'N', 'UNIT', 'CSYN 5 TKJ + PIPA 5MTR + SIKU + DINABOLT PANASONIC', 4, 200000),
('231004A002', 223, 3, 5, 'AC SPLIT 3/4 PK', '(KOBAR LAMA = 23100002)', 'N', 'UNIT', 'CSYN 7 TKJ + PIPA 5 MTR + SIKU + DINABOLT PANASONIC', 4, 200000),
('231004A003', 224, 3, 5, 'AC SPLIT 1 PK', '(KOBAR LAMA = 23100003)', 'N', 'UNIT', 'CSYN 9 TKJ + PIPA 5 MTR + SIKU + DINABOLD PANASONIC', 4, 200000),
('231004A004', 225, 3, 5, 'AC SPLIT 1 1/2 PK', '(KOBAR LAMA = 23100004)', 'N', 'UNIT', 'CSYN 12 WKJ + PIPA 5M + SIKU + DINABOLT PANASONIC', 4, 200000),
('231004A005', 226, 3, 5, 'AC SPLIT 2 PK', '(KOBAR LAMA = 23100005)', 'N', 'UNIT', 'CSYN 18 WKJ + PIPA 5M + SIKU + DINABOLT PANASONIC', 4, 200000),
('231004A006', 227, 3, 5, 'AC SPLIT 2 1/2 PK', '(KOBAR LAMA = 23100006)', 'N', 'UNIT', 'MERK PANASONIC', 4, 200000),
('231004A007', 228, 3, 5, 'AC WINDOW 3/4 PK', '(KOBAR LAMA = 23100007)', 'N', 'UNIT', 'MERK PANASONIC', 4, 200000),
('231004A008', 229, 3, 5, 'AC WINDOW 1 PK', '(KOBAR LAMA = 23100008)', 'N', 'UNIT', 'MERK PANASONIC', 4, 200000),
('231004A009', 230, 3, 5, 'ACTIMO WATER SYSTEM', '(KOBAR LAMA = 23100049)', 'N', 'UNIT', 'MERK PANASONIC', 4, 200000),
('231004A010', 20036, 3, 5, 'AIR PURIFIER', '(KOBAR LAMA = )  TGL 08-04-2014 : REQUEST - PEMBUATAN SPP PT WSSL 1 HO (SURYA)', 'N', 'UNIT', 'FP F30Y-A/C/H SHARP', 4, 200000),
('231004A011', 21199, 3, 5, 'AC PORTABLE', '(KOBAR LAMA = 23100009)  TGL 4-02-2015 : DI REQUEST KEMBALI UTK PEMBUATAN SPP TASK 1 FAC (OKI HARTIANTO)', 'N', 'UNIT', '2 PK PSF 2003 C/W PIPA 5 M POLYTRON', 4, 200000),
('231004A012', 24375, 3, 5, 'AC CASSETTE', '(KOBAR LAMA = 23100067)  TGL 31-10-2017 : REQUEST - PEMBUATAN SPP PT WSSL 01 (NDANG HRD)', 'N', 'UNIT', '5 PK FCRN125FXV14 DAIKIN', 4, 200000),
('231004A013', 28686, 3, 5, 'AC STANDING 3 PK', '(KOBAR LAMA = 23100074)  TGL 28-05-2020 : REQUEST - PEMBUATAN SPP PT TASK 03 (INDRA)', 'N', 'UNIT', '6 PK FCRN125FXV14 DAIKIN', 4, 200000),
('231004A014', 28687, 3, 5, 'AC STANDING 5 PK', '(KOBAR LAMA = 23100075)  TGL 28-05-2020 : REQUEST - PEMBUATAN SPP PT TASK 03 (INDRA)', 'N', 'UNIT', 'PSF -5003 + PIPA 5 MTR POLYTRON', 4, 200000),
('231004A015', 30054, 3, 5, 'AIRVENCO AXIAL FAN', '(KOBAR LAMA = 23100078)  TGL 18-03-2021 : REQUEST - PEMBUATAN SPP PT WSSL 01 (SARWANI)', 'N', 'UNIT', 'FAN TYPE : 630 / 250 / 14 / 19, FAN RPM : 2900, ROTATION : CW ELECTRO MOTOR : 15 HP', 4, 200000),
('231004B001', 231, 3, 5, 'BLENDER', '(KOBAR LAMA = 23100057)', 'N', 'UNIT', 'MT 1273 GL MIYAKO', 4, 200000),
('231004B002', 26478, 3, 5, 'BRACKET STAND TV', '(KOBAR LAMA = 23400111)  TGL 28-01-2019 : REQUEST - PEMBUATAN SPP PT WSSL 01 (ANDRE - TIS)', 'N', 'PCS', '32\" - 40\"', 4, 200000),
('231004B003', 29405, 3, 5, 'BOX STYROFOAM', '(KOBAR LAMA = 23400111)  TGL 28-01-2019 : REQUEST - PEMBUATAN SPP PT WSSL 01 (ANDRE - TIS)', 'N', 'PCS', '32\" - 40\"', 4, 200000),
('231004C001', 232, 3, 5, 'COFFEE MAKER', '(KOBAR LAMA = 23100054)', 'N', 'UNIT', '32\" - 40\"', 4, 200000),
('231004C002', 21415, 3, 5, 'CHILLER', '(KOBAR LAMA = 23100061)  TGL 01-04-2015 : REQUEST - PEMBUATAN SPP PT WSSL 1 FAC (MULYANA)', 'N', 'UNIT', '32\" - 40\"', 4, 200000),
('231004C003', 27249, 3, 5, 'COOKER CHIMNEY HOOD', '(KOBAR LAMA = 23100070)  TGL 20-07-2019 : REQUEST - PEMBUATAN SPP PT WSSL 01 (VANIA)', 'N', 'PCS', '32\" - 40\"', 4, 200000),
('231004D001', 233, 3, 5, 'DVR 16 CHANNEL', '(KOBAR LAMA = 23200029)', 'N', 'UNIT', 'TYPE COOPER XVR1B16 DAHUA', 4, 200000),
('231004D002', 19464, 3, 5, 'DEPOT AIR MINUM ISI ULANG', '(KOBAR LAMA = 23400092)', 'N', 'SET', 'TYPE COOPER XVR1B16 DAHUA', 4, 200000),
('231004D003', 25200, 3, 5, 'DVR 4 CHANNEL', '(KOBAR LAMA = 23200043)  TGL 15-05-2018 : REQUEST - PEMBUATAN SPP PT WSSL 01 (FIRZA)', 'N', 'UNIT', 'TYPE COOPER XVR1A04 DAHUA', 4, 200000),
('231004D004', 28344, 3, 5, 'DISINFECTION CHAMBER', '(KOBAR LAMA = 23200047)  TGL 26-03-2020 : REQUEST - PEMBUATAN SPP PT WSSL 01 (ENDANG HRD)', 'N', 'UNIT', 'TYPE COOPER XVR1A04 DAHUA', 4, 200000),
('231004F001', 241, 3, 5, 'FREEZER BOX', '(KOBAR LAMA = 23100056)', 'N', 'UNIT', 'CF 210 RSA', 4, 200000),
('231004J001', 242, 3, 5, 'JUICER', '(KOBAR LAMA = 23100020)', 'N', 'UNIT', 'CF 210 RSA', 4, 200000),
('231004J002', 243, 3, 5, 'JAM DINDING', '(KOBAR LAMA = 23400043)', 'N', 'PCS', 'DIAMETER 30CM WS-33 ESA', 4, 200000),
('231004J003', 244, 3, 5, 'JEMURAN HANDUK', '(KOBAR LAMA = 23400022)', 'N', 'PCS', 'ALUMINIUM', 4, 200000),
('231004J004', 23698, 3, 5, 'JET CLEANER', '(KOBAR LAMA = 23100066)  U/ BERSIHIN ACTGL 04-04-2017 : REQUEST - PEMBUATAN SPP PT KLS (SUBUR)', 'N', 'UNIT', 'STEAM AUTOMATIC 20 A HANDEN', 4, 200000),
('231004J005', 24694, 3, 5, 'JEMURAN BAJU', '(KOBAR LAMA = 23400107)  TGL 23-01-2018 : REQUEST - PEMBUATAN SPP PT SCP 01 (EDY CHANDRA)', 'N', 'PCS', 'UK. 170 X 200', 4, 200000),
('231004K001', 245, 3, 5, 'KASUR ANGIN', '(KOBAR LAMA = 23400049)', 'N', 'PCS', 'UK. 170 X 201', 4, 200000),
('231004K002', 246, 3, 5, 'KASUR BUSA SINGLE 90 X 200', '(KOBAR LAMA = 23400050)', 'N', 'PCS', 'TEBAL 15 CM AMANDA BY OLYMPIC', 4, 200000),
('231004K003', 247, 3, 5, 'KASUR BUSA SINGLE 120 X 200', '(KOBAR LAMA = 23400080)', 'N', 'PCS', 'LOKAL', 4, 200000),
('231004K004', 248, 3, 5, 'KASUR BUSA DOUBLE 160 X 200', '(KOBAR LAMA = 23400051)', 'N', 'PCS', 'LOKAL', 4, 200000),
('231004K005', 249, 3, 5, 'KASUR BUSA DOUBLE 180 X 200', '(KOBAR LAMA = 23400052)', 'N', 'PCS', 'LOKAL', 4, 200000),
('231004K006', 250, 3, 5, 'KOMPOR SUMBU', '(KOBAR LAMA = 23400023)', 'N', 'PCS', 'LOKAL', 4, 200000),
('231004K007', 251, 3, 5, 'KOMPOR GAS 1 TUNGKU', '(KOBAR LAMA = 23400086)', 'N', 'UNIT', 'RI522 C/CE RINNAI', 4, 200000),
('231004K008', 252, 3, 5, 'KOMPOR GAS 2 TUNGKU', '(KOBAR LAMA = 23400024)', 'N', 'UNIT', 'RINNAI RI-522CE', 4, 200000),
('231004K009', 253, 3, 5, 'KOMPOR GAS PORTABLE', '(KOBAR LAMA = 23400025)', 'N', 'PCS', 'RINNAI RI-522CE', 4, 200000),
('231004K010', 254, 3, 5, 'KIPAS ANGIN', '(KOBAR LAMA = 23100021)', 'N', 'UNIT', 'WALL FAN MWF 4002/1600/41K MASPION', 4, 200000),
('231004K011', 255, 3, 5, 'KURSI LIPAT', '(KOBAR LAMA = 23400032)', 'N', 'PCS', 'ZOWN - GREY NORMAN', 4, 200000),
('231004K012', 256, 3, 5, 'KURSI PLASTIK', '(KOBAR LAMA = 23400033)', 'N', 'PCS', 'BIRU & HIJAU WAPOLIN', 4, 200000),
('231004K013', 257, 3, 5, 'KOTAK P3K', '(KOBAR LAMA = 23400046)', 'N', 'PCS', 'BMA - 18 MASPION', 4, 200000),
('231004K014', 258, 3, 5, 'KOTAK P3K C/W ISI', '(KOBAR LAMA = 23400072)', 'N', 'SET', 'BMA - 18 MASPION', 4, 200000),
('231004K015', 259, 3, 5, 'KACA DINDING (WALL MIRROR)', '(KOBAR LAMA = 23400057)', 'N', 'PCS', 'WALL CABINET MK7 MASPION', 4, 200000),
('231004K016', 260, 3, 5, 'KACA CERMIN CEMBUNG', '(KOBAR LAMA = 23400058)', 'N', 'PCS', 'SIZE 100CM COVEX', 4, 200000),
('231004K017', 261, 3, 5, 'KURSI SOFA', '(KOBAR LAMA = 23400082)', 'N', 'PCS', 'ZIVA SOFA 2X 3 SEATER BLACK PBV-0025 C/W NOVARA COFEE TABLE RECTBLACK', 4, 200000),
('231004K018', 262, 3, 5, 'KITCHEN SET', '(KOBAR LAMA = 23400084)', 'N', 'SET', 'KITCHEN SET', 4, 200000),
('231004K019', 263, 3, 5, 'KARAOKE SET', '(KOBAR LAMA = 23400089)', 'N', 'SET', 'KITCHEN SET', 4, 200000),
('231004K020', 264, 3, 5, 'KURSI PANJANG', '(KOBAR LAMA = 23400085)', 'N', 'PCS', 'LEBAR 45 CM ; 5 TEMPAT DUDUK CHAIRMAN', 4, 200000),
('231004K021', 22855, 3, 5, 'KOMPOR LISTRIK', '(KOBAR LAMA = 23400100)  TGL 27-07-2016 : REQUEST - PEMBUATAN SPP PT WSSL 1 (SINAGA)', 'N', 'UNIT', 'LEBAR 45 CM ; 5 TEMPAT DUDUK CHAIRMAN', 4, 200000),
('231004K022', 28705, 3, 5, 'KURSI BANQUET', '(KOBAR LAMA = 23400113)  TGL 04-06-2020 : REQUEST - PEMBUATAN SPP PT TASK 01 (EDY ARWIN)', 'N', 'PCS', 'INFORMA', 4, 200000),
('231004K023', 29255, 3, 5, 'KURSI OUTDOOR', '(KOBAR LAMA = 23400114)  TGL 13-10-2020 : REQUEST - PEMBUATAN SPP PT WSSL 01 (NDANG HRD)', 'N', 'PCS', 'INFORMA', 4, 200000),
('231004L001', 265, 3, 5, 'LEMARI ES 1 PINTU', '(KOBAR LAMA = 23100022)', 'N', 'UNIT', 'SJN 166F / SJN 162 SHARP', 4, 200000),
('231004L002', 266, 3, 5, 'LEMARI ES 2 PINTU', '(KOBAR LAMA = 23100023)', 'N', 'UNIT', 'SJ 236 ND / 237 ND SHARP', 4, 200000),
('231004L003', 267, 3, 5, 'LEMARI PAKAIAN 2 PINTU', '(KOBAR LAMA = 23400001)', 'N', 'PCS', 'BERGAMO APA 040 + APB 040 + LACI L 040 LIGNA', 4, 200000),
('231004L004', 268, 3, 5, 'LEMARI PAKAIAN 3 PINTU', '(KOBAR LAMA = 23400002)', 'N', 'PCS', 'MERK LIGNA', 4, 200000),
('231004L005', 269, 3, 5, 'LEMARI PAKAIAN 4 PINTU', '(KOBAR LAMA = 23400003)', 'N', 'PCS', 'MERK LIGNA', 4, 200000),
('231004L006', 270, 3, 5, 'LEMARI MAKAN 2 PINTU', '(KOBAR LAMA = 23400004)', 'N', 'PCS', '2P C - 802 CALETA', 4, 200000),
('231004L007', 271, 3, 5, 'LEMARI CAMERA (DRY CABINET)', '(KOBAR LAMA = 23400087)', 'N', 'PCS', '2P C - 802 CALETA', 4, 200000),
('231004L008', 22847, 3, 5, 'LEMARI PAKAIAN 1 PINTU', '(KOBAR LAMA = 23400099)  TGL 27-07-2016 : REQUEST - PEMBUATAN SPP PT WSSL 1 HO (NDANG)', 'N', 'PCS', '2P C - 802 CALETA', 4, 200000),
('231004L009', 25335, 3, 5, 'LOW NOISE BLOCK (LNB)', '(KOBAR LAMA = 23400110)  TGL 25-06-2018 : REQUEST - PEMBUATAN SPP PT WSSL 01 (FIRZA)', 'N', 'PCS', '2P C - 802 CALETA', 4, 200000),
('231004M001', 272, 3, 5, 'MEJA + KURSI TAMU', '(KOBAR LAMA = 23400015)', 'N', 'SET', 'APRILIA SFD29 + KACA LIGNA', 4, 200000),
('231004M002', 273, 3, 5, 'MEJA + KURSI MAKAN', '(KOBAR LAMA = 23400016)', 'N', 'SET', 'NEW SPIZA + 4 KURSI NEW SPIZA LIGNA', 4, 200000),
('231004M003', 274, 3, 5, 'MEJA + KURSI RIAS', '(KOBAR LAMA = 23400017)', 'N', 'SET', 'MR 2826/2626 ( 183 X 40 X 80 ) GRAVER', 4, 200000),
('231004M004', 275, 3, 5, 'MESIN CUCI', '(KOBAR LAMA = 23100025)', 'N', 'UNIT', '8,5 KG 2 TABUNG EST 85CR SHARP', 4, 200000),
('231004M005', 276, 3, 5, 'MAGIC COM', '(KOBAR LAMA = 23100024)', 'N', 'UNIT', 'MCM 508W / 507 / 509 MIYAKO', 4, 200000),
('231004M006', 277, 3, 5, 'MICROWAVE', '(KOBAR LAMA = 23100026)', 'N', 'UNIT', '', 4, 200000),
('231004M007', 278, 3, 5, 'MIXER', '(KOBAR LAMA = 23100052)', 'N', 'UNIT', 'R728 (K) IN 25 LTR SHARP', 4, 200000),
('231004M008', 279, 3, 5, 'MESIN JAHIT', '(KOBAR LAMA = 23100047)', 'N', 'UNIT', 'NP - 7A ( JAPAN ) INCLUDED 15 ROLL BENANG JAHIT POLYSTER 20/6 NEW LONG', 4, 200000),
('231004M009', 280, 3, 5, 'MEJA SETRIKA', '(KOBAR LAMA = 23400018)', 'N', 'PCS', 'ALUMINIUM LIPAT', 4, 200000),
('231004M010', 281, 3, 5, 'MEJA TV', '(KOBAR LAMA = 23400019)', 'N', 'PCS', 'TYPE TT 140 PRODESIGN', 4, 200000),
('231004M011', 282, 3, 1, 'MEJA MAKAN', '(KOBAR LAMA = 23400088)', 'N', 'PCS', 'NEW SPIZA', 4, 200000),
('231004M012', 22078, 3, 1, 'MATRAS SPRING BED', '(KOBAR LAMA = 23400095)  TGL 26-10-2015 : REQUEST - PEMBUATAN SPP PT TASK 03 (ERWIN)', 'N', 'PCS', 'NEW SPIZA', 4, 200000),
('231004M013', 28467, 3, 1, 'MESIN PENGERING PIRING', '(KOBAR LAMA = 23400112)  TGL 15-04-2020 : REQUEST - PEMBUATAN SPP PT WSSL 01 (SURYA)', 'N', 'UNIT', 'FD-S03S1 PANASONIC', 4, 200000),
('231004M014', 29926, 3, 1, 'MODUL AC UNIVERSAL', '(KOBAR LAMA = 23400112)  TGL 15-04-2020 : REQUEST - PEMBUATAN SPP PT WSSL 01 (SURYA)', 'N', 'PCS', 'C/W REMOTE CONTROL', 4, 200000),
('231004N001', 25770, 3, 1, 'NVR 8 CHANNEL', '(KOBAR LAMA = 23200045)  TGL 27-09-2018 : REQUEST - PEMBUATAN SPP PT TASK 01 (GEDE)', 'N', 'UNIT', 'C/W REMOTE CONTROL', 4, 200000),
('231004O001', 283, 3, 1, 'OVEN KOMPOR', '(KOBAR LAMA = 23100058)', 'N', 'UNIT', 'C/W REMOTE CONTROL', 4, 200000),
('231004O002', 284, 3, 1, 'OVEN LISTRIK', '(KOBAR LAMA = 23100059)', 'N', 'UNIT', 'C/W REMOTE CONTROL', 4, 200000),
('231004P001', 285, 3, 1, 'PARABOLA + RECEIVER', '(KOBAR LAMA = 23100027)', 'N', 'SET', 'PARABOLA 75CM, RECIEVER GOLD 888, KUBANG, TIANG, BRACKET INB, KABEL 15CM', 4, 200000),
('231004P002', 286, 3, 1, 'PLAYER CD', '(KOBAR LAMA = 23100028)', 'N', 'UNIT', 'PARABOLA 75CM, RECIEVER GOLD 888, KUBANG, TIANG, BRACKET INB, KABEL 15CM', 4, 200000),
('231004P003', 287, 3, 1, 'PLAYER DVD', '(KOBAR LAMA = 23100029)', 'N', 'UNIT', 'PARABOLA 75CM, RECIEVER GOLD 888, KUBANG, TIANG, BRACKET INB, KABEL 15CM', 4, 200000),
('231004P004', 288, 3, 1, 'PLAYER DVD HOME THEATRE', '(KOBAR LAMA = 23100030)', 'N', 'UNIT', 'MERK SAMSUNG', 4, 200000),
('231004P005', 29970, 3, 1, 'POT BUNGA', '(KOBAR LAMA = 23100030)', 'N', 'PCS', 'LOKAL', 4, 200000),
('231004P006', 30677, 3, 1, 'PANGGANGAN', 'REQUEST TGL 26 JUNI 2021 - PT. WSSL 01 (ROY)', 'N', 'PCS', 'LOKAL', 4, 200000),
('231004R001', 289, 3, 1, 'RAK TELEVISI', '(KOBAR LAMA = 23400020)', 'N', 'PCS', 'LOKAL', 4, 200000),
('231004R002', 290, 3, 1, 'RAK PIRING', '(KOBAR LAMA = 23400021)', 'N', 'PCS', 'PLASTIK BESI R04 RAJAWALI', 4, 200000),
('231004R003', 291, 3, 1, 'RAK SEPATU', '(KOBAR LAMA = 23400071)', 'N', 'UNIT', 'PLASTIK BESI R04 RAJAWALI', 4, 200000),
('231004R004', 292, 3, 1, 'RAK BUKU', '(KOBAR LAMA = 23400090)', 'N', 'SET', 'IKEA BILLY RAK 80X28X202CM', 4, 200000),
('231004R005', 24309, 3, 1, 'RACK CANTILEVER SHELF DEPTH', '(KOBAR LAMA = 23400105)  TGL 11-10-2017 : REQUEST - PEMBUATAN SPP PT WSSL 01 (HERMAN - TIS)', 'N', 'PCS', '1U 250 MM', 4, 200000),
('231004R006', 24310, 3, 1, 'RACK WALL MOUNT', '(KOBAR LAMA = 23400106)  TGL 11-10-2017 : REQUEST - PEMBUATAN SPP PT WSSL 01 (HERMAN - TIS)', 'N', 'UNIT', '8U WR5008 + 3 CANTILIVER 1 U 250 MM INDORACK', 4, 200000),
('231004S001', 293, 3, 1, 'SPRING BED 2 IN 1 120 X 200', '(KOBAR LAMA = 23400005)', 'N', 'SET', '8U WR5008 + 3 CANTILIVER 1 U 250 MM INDORACK', 4, 200000),
('231004S002', 294, 3, 1, 'SPRING BED SINGLE 90 X 200', '(KOBAR LAMA = 23400006)', 'N', 'SET', 'KAIN / COVER JAGUARD,QUILTING 2 CM TINGGI KASUR 25CM LAPISAN COTTON SHEET FOAM HIGH DENSITY 3 LAYER ', 4, 200000),
('231004S003', 295, 3, 1, 'SPRING BED SINGLE 120 X 200', '(KOBAR LAMA = 23400007)', 'N', 'SET', 'KAIN / COVER JAGUARD,QUILTING 2 CM TINGGI KASUR 25CM LAPISAN COTTON SHEET FOAM HIGH DENSITY 3 LAYER ', 4, 200000),
('231004S004', 296, 4, 1, 'SPRING BED DOUBLE 120 X 200', '(KOBAR LAMA = 23400008)', 'N', 'SET', 'KAIN / COVER JAGUARD,QUILTING 2 CM TINGGI KASUR 25CM LAPISAN COTTON SHEET FOAM HIGH DENSITY 3 LAYER ', 4, 200000),
('231004S005', 297, 4, 1, 'SPRING BED DOUBLE 160 X 200', '(KOBAR LAMA = 23400009)', 'N', 'SET', 'KAIN / COVER JAGUARD,QUILTING 2 CM TINGGI KASUR 25CM LAPISAN COTTON SHEET FOAM HIGH DENSITY 3 LAYER ', 4, 200000),
('231004S006', 298, 4, 1, 'SPRING BED DOUBLE 180 X 200', '(KOBAR LAMA = 23400010)', 'N', 'SET', 'KAIN / COVER JAGUARD,QUILTING 2 CM TINGGI KASUR 25CM LAPISAN COTTON SHEET FOAM HIGH DENSITY 3 LAYER ', 4, 200000),
('231004S007', 299, 4, 1, 'SETRIKA', '(KOBAR LAMA = 23100031)', 'N', 'PCS', 'HD1173 PHILIPS', 4, 200000),
('231004S008', 300, 4, 1, 'SLEEPING BAG', '(KOBAR LAMA = 23400048)', 'N', 'PCS', 'HD1173 PHILIPS', 4, 200000),
('231004S009', 22362, 4, 1, 'SPRING BED DOUBLE 200 X 200', '(KOBAR LAMA = 23400096)  TGL 03-02-2016 : REQUEST - PEMBUATAN SPP PT WSSL 01 (NDANG - HO)', 'N', 'SET', 'KAIN / COVER JAGUARD, QUILTING 2 CM TINGGI KASUR 25 CM LAPISAN COTTON SHEET FOAM HIGH DENSITY 3 LAYE', 4, 200000),
('231004S010', 27867, 4, 1, 'STEAM PENCUCI AC', '(KOBAR LAMA = 23100073)  TGL 10-12-2019 : REQUEST - PEMBUATAN SPP PT WSSL 01 (NDANG)', 'N', 'UNIT', 'TEKANAN: 35 KG/CM3, 3.5 L/MIN, 200 WATT - 20A HANSEN', 4, 200000),
('231004S011', 29071, 4, 1, 'SEROKAN SAMPAH', '(REQUEST HMBP 1 EST - PAK SUBUR TGL 07-09-2020)', 'N', 'PCS', 'TEKANAN: 35 KG/CM3, 3.5 L/MIN, 200 WATT - 20A HANSEN', 4, 200000),
('231004T001', 301, 4, 1, 'TEMPAT TIDUR KAYU SINGLE 90 X 200', '(KOBAR LAMA = 23400011)', 'N', 'PCS', 'TEKANAN: 35 KG/CM3, 3.5 L/MIN, 200 WATT - 20A HANSEN', 4, 200000),
('231004T002', 302, 4, 1, 'TEMPAT TIDUR KAYU DOUBLE 160 X 200', '(KOBAR LAMA = 23400012)', 'N', 'PCS', 'TEKANAN: 35 KG/CM3, 3.5 L/MIN, 200 WATT - 20A HANSEN', 4, 200000),
('231004T003', 303, 4, 1, 'TEMPAT TIDUR KAYU DOUBLE 180 X 200', '(KOBAR LAMA = 23400013)', 'N', 'PCS', 'TEKANAN: 35 KG/CM3, 3.5 L/MIN, 200 WATT - 20A HANSEN', 4, 200000),
('231004T004', 304, 4, 1, 'TEMPAT TIDUR LIPAT (FOLDING BED) 75 X 190', '(KOBAR LAMA = 23400014)', 'N', 'PCS', 'TEKANAN: 35 KG/CM3, 3.5 L/MIN, 200 WATT - 20A HANSEN', 4, 200000),
('231004T005', 305, 4, 1, 'TELEVISI', '(KOBAR LAMA = 23100053)', 'N', 'UNIT', '24 INCH LED LC 24LE 175/24SA 4100 SHARP', 4, 200000),
('231004T006', 306, 4, 1, 'TEKO LISTRIK', '(KOBAR LAMA = 23100051)', 'N', 'PCS', 'KETTEL KOPI BESAR', 4, 200000),
('231004T007', 307, 4, 2, 'TEMPAT SAMPAH', '(KOBAR LAMA = 23400044)', 'N', 'PCS', '5 LITER PLASTIK', 4, 200000),
('231004T008', 308, 4, 2, 'TABUNG PEMADAM KEBAKARAN + ISI', '(KOBAR LAMA = 23400047)', 'N', 'PCS', 'KAP. 9 KG POWDER', 4, 200000),
('231004T009', 309, 4, 2, 'TEMPAT KORAN & MAJALAH', '(KOBAR LAMA = 23400091)', 'N', 'PCS', 'KAP. 9 KG POWDER', 4, 200000),
('231004T010', 20928, 4, 2, 'TEMPAT TIDUR KAYU SINGLE 120 X 200', '(KOBAR LAMA = 23400093)  TGL 30-10-2014 : REQUEST - PEMBUATAN SPP PT WSSL 2 (RONNY ROY)', 'N', 'PCS', 'KAP. 9 KG POWDER', 4, 200000),
('231004V001', 310, 4, 2, 'VACUUM CLEANER', '(KOBAR LAMA = 23100044)', 'N', 'UNIT', 'HAND VACUUM SUPER HOOVER TURBO BOLDE', 4, 200000),
('231004W001', 311, 4, 2, 'WATER DISPENSER', '(KOBAR LAMA = 23100045)', 'N', 'UNIT', 'TABLE WD 186 HOT & NORMAL MIYAKO', 4, 200000),
('231004W002', 312, 4, 2, 'WATER HEATER (PEMANAS AIR)', '(KOBAR LAMA = 23100046)', 'N', 'UNIT', '30 LITER AN 30 R ARISTON', 4, 200000),
('231004W003', 27250, 4, 2, 'WINE COOLER', '(KOBAR LAMA = 23100071)  TGL 20-07-2019 : REQUEST - PEMBUATAN SPP PT WSSL 01 (VANIA)', 'N', 'UNIT', '31 LITER AN 30 R ARISTON', 4, 200000),
('231005A001', 22441, 4, 2, 'ALAT UKUR VFA & ALKALINITY', '(KOBAR LAMA = 23500036)  TGL 16-03-2016 : REQUEST - PEMBUATAN SPP PT WSSL 1 (MULYANA)', 'N', 'UNIT', '1 UNIT SET TERDIRI : LIEBIG CONDENSER NS.29/32, RECEIVER ADAPTOR PLAIN NS.29/32 & ADAPTER NS.29/32', 4, 200000),
('231005B001', 313, 4, 2, 'BLENDER', '(KOBAR LAMA = 23500008)', 'N', 'UNIT', 'BAHAN KACA - BLENDER BUAH DAN BUMBU MXE310 PANASONIC', 4, 200000),
('231005C001', 314, 4, 2, 'CONDUCTIVITY METER', '(KOBAR LAMA = 23500007)', 'N', 'UNIT', 'BAHAN KACA - BLENDER BUAH DAN BUMBU MXE310 PANASONIC', 4, 200000),
('231005C002', 315, 4, 2, 'CENTRIFUGE TABUNG', '(KOBAR LAMA = 23500010)', 'N', 'UNIT', 'MODEL : CENTRIFUGE 8 HOLE X 15ML - DIGITAL', 4, 200000),
('231005C003', 21333, 4, 2, 'COD REACTOR', '(KOBAR LAMA = 23500031)  TGL 06-03-2015 : REQUEST - PEMBUATAN SPP PT WSSL 1 FAC (MULYANA)', 'N', 'UNIT', 'MODEL : CENTRIFUGE 8 HOLE X 15ML - DIGITAL', 4, 200000),
('231005C004', 21334, 4, 2, 'COLORIMETER', '(KOBAR LAMA = 23500032)  TGL 06-03-2015 : REQUEST - PEMBUATAN SPP PT WSSL 1 FAC (MULYANA)', 'N', 'UNIT', 'FREE CHLORINE DR 900 HACH', 4, 200000),
('231005D001', 316, 4, 2, 'DO METER', '(KOBAR LAMA = 23500002)', 'N', 'UNIT', 'FREE CHLORINE DR 900 HACH', 4, 200000),
('231005D002', 317, 4, 2, 'DESIKATOR', '(KOBAR LAMA = 23500011)', 'N', 'UNIT', 'FREE CHLORINE DR 900 HACH', 4, 200000),
('231005D003', 318, 5, 2, 'DESTILATOR', '(KOBAR LAMA = 23500012)', 'N', 'UNIT', 'WATER STILL DESTILATION - OUTPUT : MIN. 4 LTR/JAM, SINGLE PHASE', 4, 200000),
('231005F001', 321, 5, 2, 'FLOCCULATOR JAR TEST', '(KOBAR LAMA = 23500014)', 'N', 'UNIT', 'MODEL HS0707V2 THERMO FISHER', 4, 200000),
('231005H001', 322, 5, 2, 'HYDROMETER', '(KOBAR LAMA = 23500006)', 'N', 'UNIT', 'MODEL HS0707V2 THERMO FISHER', 4, 200000),
('231005H002', 20855, 5, 2, 'HYGROMETER', '(KOBAR LAMA = 23500030)', 'N', 'UNIT', 'MODEL HS0707V2 THERMO FISHER', 4, 200000),
('231005H003', 24639, 5, 2, 'HAND CENTRIFUGE 4 HOLE 10 ML', '(KOBAR LAMA = 23500038)  TGL 13-01-2018 : REQUEST - PEMBUATAN SPP PT BJAP 01 (SARWANI)', 'N', 'UNIT', 'MODEL HS0707V2 THERMO FISHER', 4, 200000),
('231005I001', 24599, 5, 2, 'INFRARED MOSTURE DETERMINATION BALANCE', '(KOBAR LAMA = 23500037)  TGL 09-01-2018 : REQUEST - PEMBUATAN SPP PT TASK  01 (OKY)', 'N', 'UNIT', 'MODEL HS0707V2 THERMO FISHER', 4, 200000),
('231005M001', 323, 5, 2, 'MEJA LABORATORIUM', '(KOBAR LAMA = 23500001)', 'N', 'PCS', 'MODEL HS0707V2 THERMO FISHER', 4, 200000),
('231005M002', 324, 5, 2, 'MAGNETIC STIRRER', '(KOBAR LAMA = 23500015)', 'N', 'UNIT', 'MODEL HS0707V2 THERMO FISHER', 4, 200000),
('231005M003', 19835, 5, 2, 'MULTI PARAMETER METER', '(KOBAR LAMA = 23500028)  PERALATAN LABORATORIUM', 'N', 'UNIT', 'MODEL HS0707V2 THERMO FISHER', 4, 200000),
('231005M004', 22241, 5, 2, 'MIKROSKOP MONOKULER', '(KOBAR LAMA = 23500033)  TGL 14-12-2015 : REQUEST - PEMBUATAN SPP PT WSSL 1 (VICKY)', 'N', 'UNIT', 'STANDAR', 4, 200000),
('231005N001', 22242, 5, 2, 'NERACA PEGAS', '(KOBAR LAMA = 23500034)  TGL 14-12-2015 : REQUEST - PEMBUATAN SPP PT WSSL 1 (VICKY)', 'N', 'PCS', 'STANDAR', 4, 200000),
('231005N002', 22243, 5, 2, 'NERACA OHAUSS', '(KOBAR LAMA = 23500035)  TGL 14-12-2015 : REQUEST - PEMBUATAN SPP PT WSSL 1 (VICKY)', 'N', 'UNIT', 'STANDAR', 4, 200000),
('231005N003', 29972, 5, 2, 'NEAR INFRARED SPECTROSCOPY', '(KOBAR LAMA = 23500042) TGL 17-02-2021 : REQUEST - PEMBUATAN SPP PT WSSL 01 (SARWANI)', 'N', 'UNIT', 'NIRS DA 1650', 4, 200000),
('231005O001', 325, 5, 2, 'OVEN LABORATORIUM', '(KOBAR LAMA = 23500009)', 'N', 'UNIT', 'KAPASITAS 53 LTR UF 55 MEMMERT', 4, 200000),
('231005P001', 326, 5, 3, 'PH METER', '(KOBAR LAMA = 23500003)', 'N', 'UNIT', 'COMPLETE WITH ELECTRODE TYPE HP 9010 TRANS INSTRUMENT', 4, 200000),
('231005S001', 327, 5, 3, 'SOXHLET EXTRACTION HEATERS 250 ML, 6 HOLES', '(KOBAR LAMA = 23500023)', 'N', 'UNIT', 'ELECTRIC - 900 W EM 250 - 6 MERK : ELECTROMANTLE', 4, 200000),
('231005S002', 328, 5, 3, 'SPECTROPHOTOMETER', '(KOBAR LAMA = 23500027)', 'N', 'UNIT', 'ELECTRIC - 900 W EM 250 - 6 MERK : ELECTROMANTLE', 4, 200000),
('231005S003', 28821, 5, 3, 'SDI TEST KIT', '(KOBAR LAMA = 23500040)  TGL 29-06-2020 : REQUEST - PEMBUATAN SPP PT SCP 02 (MALIKI)', 'N', 'UNIT', 'FILTRASI 0,45 MICRON- PRESSURE S/D 40 PSI (+/- 1PSI) DIRECT SDI TIPE SDI-2000- MANUAL TEST KIT', 4, 200000),
('231005T001', 329, 5, 3, 'TDS METER', '(KOBAR LAMA = 23500004)', 'N', 'UNIT', 'ANALOG 532T1 MYRON L', 4, 200000),
('231005T002', 330, 5, 3, 'TURBIDIMETER', '(KOBAR LAMA = 23500005)', 'N', 'UNIT', 'ANALOG 532T1 MYRON L', 3, 200000),
('231005T003', 331, 5, 3, 'TIMBANGAN ANALYTICAL', '(KOBAR LAMA = 23500016)', 'N', 'UNIT', 'OHAUS PX224', 4, 200000),
('231005T004', 332, 5, 3, 'TIMBANGAN NERACA ANALISIS', '(KOBAR LAMA = 23500017)', 'N', 'UNIT', 'OHAUS PX225', 6, 200000),
('231005T005', 333, 5, 3, 'TIMBANGAN DIGITAL 3.000 GR/0,1 GR', '(KOBAR LAMA = 23500020)', 'N', 'UNIT', 'OHAUS', 4, 200000),
('231005T006', 334, 5, 3, 'TIMBANGAN DIGITAL 5.000 GR/0,1 GR', '(KOBAR LAMA = 23500021)', 'N', 'UNIT', 'OHAUS', 4, 200000),
('231005T007', 335, 5, 3, 'TIMBANGAN KADAR AIR (MOISTURE BALANCE)', '(KOBAR LAMA = 23500024)', 'N', 'UNIT', 'MERK : SARTORIUS MA 35', 4, 200000),
('231005T008', 336, 5, 3, 'TIMBANGAN DIGITAL 1.000 GR/0,1 GR', '(KOBAR LAMA = 23500025)', 'N', 'UNIT', 'MERK : SARTORIUS MA 36', 4, 200000),
('231005T009', 337, 5, 3, 'TIMBANGAN DIGITAL 3.000 GR/0,5 GR', '(KOBAR LAMA = 23500026)', 'N', 'UNIT', 'MERK : SARTORIUS MA 37', 4, 200000),
('23456G', 654, 2, 3, 'Cobak', 'hdgdhd', 'S', 'BKS', 'tryyy', 3, 50000);

-- --------------------------------------------------------

--
-- Table structure for table `d_penerimaan`
--

CREATE TABLE `d_penerimaan` (
  `id_dterima` int(11) NOT NULL,
  `id_fak_terima` varchar(20) NOT NULL,
  `id_terimad` varchar(20) NOT NULL,
  `kode_brg_terima` varchar(20) NOT NULL,
  `harga_dterima` int(20) NOT NULL,
  `jml_dterima` int(11) NOT NULL,
  `total_dterima` int(20) NOT NULL
) ENGINE=InnoDB DEFAULT CHARSET=utf8mb4;

--
-- Dumping data for table `d_penerimaan`
--

INSERT INTO `d_penerimaan` (`id_dterima`, `id_fak_terima`, `id_terimad`, `kode_brg_terima`, `harga_dterima`, `jml_dterima`, `total_dterima`) VALUES
(12, '1234', 'BL190921000001', '211001L003', 200000, 3, 600000),
(13, '1234', 'BL190921000001', '211003B001', 200000, 1, 200000),
(14, '4356', 'BL190921000002', '211005A006', 200000, 2, 400000),
(15, '9875', 'BL200921000001', '231005T004', 200000, 2, 400000),
(16, '8765', 'BL200921000002', '211002H002', 200000, 1, 200000);

-- --------------------------------------------------------

--
-- Table structure for table `d_pengeluaran`
--

CREATE TABLE `d_pengeluaran` (
  `id_dkeluar` int(11) NOT NULL,
  `id_fak_keluar` varchar(20) NOT NULL,
  `id_keluard` varchar(20) NOT NULL,
  `kode_brg_keluar` varchar(20) NOT NULL,
  `harga_dkeluar` int(20) NOT NULL,
  `jml_dkeluar` int(11) NOT NULL,
  `total_dkeluar` int(20) NOT NULL
) ENGINE=InnoDB DEFAULT CHARSET=utf8mb4;

--
-- Dumping data for table `d_pengeluaran`
--

INSERT INTO `d_pengeluaran` (`id_dkeluar`, `id_fak_keluar`, `id_keluard`, `kode_brg_keluar`, `harga_dkeluar`, `jml_dkeluar`, `total_dkeluar`) VALUES
(12, '765', 'KL190921000001', '211005P001', 200000, 2, 400000),
(13, '9764', 'KL190921000002', '211002A002', 200000, 1, 200000),
(14, '76543', 'KL200921000001', '231005T002', 200000, 1, 200000),
(15, '9874', 'KL200921000002', '211003D001', 200000, 2, 400000),
(16, '9874', 'KL200921000002', '211005A007', 200000, 1, 200000);

-- --------------------------------------------------------

--
-- Table structure for table `golongan`
--

CREATE TABLE `golongan` (
  `id_gol` int(11) NOT NULL,
  `nama_gol` varchar(100) NOT NULL
) ENGINE=InnoDB DEFAULT CHARSET=utf8mb4;

--
-- Dumping data for table `golongan`
--

INSERT INTO `golongan` (`id_gol`, `nama_gol`) VALUES
(1, 'Stasiun Penerimaan Buah'),
(2, 'Stasiun Rebusan'),
(3, 'Stasiun Bantingan Buah'),
(4, 'Stasiun Pressan'),
(5, 'Stasiun Klarifikasi');

-- --------------------------------------------------------

--
-- Table structure for table `kategori`
--

CREATE TABLE `kategori` (
  `id_kat` int(11) NOT NULL,
  `nama_kat` varchar(100) NOT NULL
) ENGINE=InnoDB DEFAULT CHARSET=utf8mb4;

--
-- Dumping data for table `kategori`
--

INSERT INTO `kategori` (`id_kat`, `nama_kat`) VALUES
(1, 'Mesin Pabrik'),
(2, 'Mesin Di Luar Pabrik'),
(3, 'Peralatan dan Perabotan'),
(4, 'Kendaraan'),
(5, 'Alat Berat'),
(6, 'Pupuk');

-- --------------------------------------------------------

--
-- Table structure for table `penerimaan`
--

CREATE TABLE `penerimaan` (
  `id_terima` varchar(20) NOT NULL,
  `id_fak` varchar(20) NOT NULL,
  `id_supp_terima` int(11) NOT NULL,
  `tgl_terima` date NOT NULL
) ENGINE=InnoDB DEFAULT CHARSET=utf8mb4;

--
-- Dumping data for table `penerimaan`
--

INSERT INTO `penerimaan` (`id_terima`, `id_fak`, `id_supp_terima`, `tgl_terima`) VALUES
('BL190921000001', '1234', 3, '2021-09-19'),
('BL190921000002', '4356', 1, '2021-09-19'),
('BL200921000001', '9875', 1, '2021-09-20'),
('BL200921000002', '8765', 1, '2021-09-20');

-- --------------------------------------------------------

--
-- Table structure for table `pengeluaran`
--

CREATE TABLE `pengeluaran` (
  `id_keluar` varchar(20) NOT NULL,
  `id_fak` varchar(20) NOT NULL,
  `nama_pel` text NOT NULL,
  `tgl_keluar` date NOT NULL
) ENGINE=InnoDB DEFAULT CHARSET=utf8mb4;

--
-- Dumping data for table `pengeluaran`
--

INSERT INTO `pengeluaran` (`id_keluar`, `id_fak`, `nama_pel`, `tgl_keluar`) VALUES
('KL190921000001', '765', 'Dani', '2021-09-19'),
('KL190921000002', '9764', 'Jojo', '2021-09-19'),
('KL200921000001', '76543', 'Rani', '2021-09-20'),
('KL200921000002', '9874', 'cinta', '2021-09-20');

-- --------------------------------------------------------

--
-- Table structure for table `satuan`
--

CREATE TABLE `satuan` (
  `id_satuan` int(11) NOT NULL,
  `nama_satuan` varchar(20) NOT NULL
) ENGINE=InnoDB DEFAULT CHARSET=utf8mb4;

--
-- Dumping data for table `satuan`
--

INSERT INTO `satuan` (`id_satuan`, `nama_satuan`) VALUES
(1, 'Unit');

-- --------------------------------------------------------

--
-- Table structure for table `supplier`
--

CREATE TABLE `supplier` (
  `id_supp` int(11) NOT NULL,
  `nama_supp` varchar(30) NOT NULL,
  `asal_supp` varchar(30) NOT NULL,
  `alamat_supp` varchar(50) NOT NULL
) ENGINE=InnoDB DEFAULT CHARSET=utf8mb4;

--
-- Dumping data for table `supplier`
--

INSERT INTO `supplier` (`id_supp`, `nama_supp`, `asal_supp`, `alamat_supp`) VALUES
(1, 'John', 'Surabaya', 'Jl. Mawar'),
(3, 'Siska', 'Bandung', 'Jl. Betawi');

-- --------------------------------------------------------

--
-- Table structure for table `tbl_user`
--

CREATE TABLE `tbl_user` (
  `user_id` int(11) NOT NULL,
  `user_nama` varchar(35) DEFAULT NULL,
  `user_username` varchar(30) DEFAULT NULL,
  `user_password` varchar(35) DEFAULT NULL,
  `user_level` varchar(2) DEFAULT NULL,
  `user_status` varchar(2) DEFAULT '1'
) ENGINE=InnoDB DEFAULT CHARSET=latin1;

--
-- Dumping data for table `tbl_user`
--

INSERT INTO `tbl_user` (`user_id`, `user_nama`, `user_username`, `user_password`, `user_level`, `user_status`) VALUES
(1, 'M Fikri Setiadi', 'admin', '21232f297a57a5a743894a0e4a801fc3', '1', '1'),
(2, 'fikri', 'kasir', 'e10adc3949ba59abbe56e057f20f883e', '2', '1');

--
-- Indexes for dumped tables
--

--
-- Indexes for table `barang`
--
ALTER TABLE `barang`
  ADD PRIMARY KEY (`kode_brg`);

--
-- Indexes for table `d_penerimaan`
--
ALTER TABLE `d_penerimaan`
  ADD PRIMARY KEY (`id_dterima`);

--
-- Indexes for table `d_pengeluaran`
--
ALTER TABLE `d_pengeluaran`
  ADD PRIMARY KEY (`id_dkeluar`);

--
-- Indexes for table `golongan`
--
ALTER TABLE `golongan`
  ADD PRIMARY KEY (`id_gol`);

--
-- Indexes for table `kategori`
--
ALTER TABLE `kategori`
  ADD PRIMARY KEY (`id_kat`);

--
-- Indexes for table `penerimaan`
--
ALTER TABLE `penerimaan`
  ADD PRIMARY KEY (`id_terima`);

--
-- Indexes for table `pengeluaran`
--
ALTER TABLE `pengeluaran`
  ADD PRIMARY KEY (`id_keluar`);

--
-- Indexes for table `satuan`
--
ALTER TABLE `satuan`
  ADD PRIMARY KEY (`id_satuan`);

--
-- Indexes for table `supplier`
--
ALTER TABLE `supplier`
  ADD PRIMARY KEY (`id_supp`);

--
-- Indexes for table `tbl_user`
--
ALTER TABLE `tbl_user`
  ADD PRIMARY KEY (`user_id`);

--
-- AUTO_INCREMENT for dumped tables
--

--
-- AUTO_INCREMENT for table `d_penerimaan`
--
ALTER TABLE `d_penerimaan`
  MODIFY `id_dterima` int(11) NOT NULL AUTO_INCREMENT, AUTO_INCREMENT=17;

--
-- AUTO_INCREMENT for table `d_pengeluaran`
--
ALTER TABLE `d_pengeluaran`
  MODIFY `id_dkeluar` int(11) NOT NULL AUTO_INCREMENT, AUTO_INCREMENT=17;

--
-- AUTO_INCREMENT for table `golongan`
--
ALTER TABLE `golongan`
  MODIFY `id_gol` int(11) NOT NULL AUTO_INCREMENT, AUTO_INCREMENT=6;

--
-- AUTO_INCREMENT for table `kategori`
--
ALTER TABLE `kategori`
  MODIFY `id_kat` int(11) NOT NULL AUTO_INCREMENT, AUTO_INCREMENT=7;

--
-- AUTO_INCREMENT for table `satuan`
--
ALTER TABLE `satuan`
  MODIFY `id_satuan` int(11) NOT NULL AUTO_INCREMENT, AUTO_INCREMENT=2;

--
-- AUTO_INCREMENT for table `supplier`
--
ALTER TABLE `supplier`
  MODIFY `id_supp` int(11) NOT NULL AUTO_INCREMENT, AUTO_INCREMENT=6;

--
-- AUTO_INCREMENT for table `tbl_user`
--
ALTER TABLE `tbl_user`
  MODIFY `user_id` int(11) NOT NULL AUTO_INCREMENT, AUTO_INCREMENT=3;
COMMIT;

/*!40101 SET CHARACTER_SET_CLIENT=@OLD_CHARACTER_SET_CLIENT */;
/*!40101 SET CHARACTER_SET_RESULTS=@OLD_CHARACTER_SET_RESULTS */;
/*!40101 SET COLLATION_CONNECTION=@OLD_COLLATION_CONNECTION */;
